Start,Name of Conflict
0,1000,Norman conquest of southern Italy
1,1001,Battle of Peshawar (1001)
2,1002,German–Polish War
3,1008,Hungarian–Ahtum War
4,1008,Battle of Chach
5,1007,Battle at Herdaler
6,1009,Fitna of al-Andalus
7,1010,Second conflict in the Goryeo–Khitan War
8,1014,Battle of Clontarf
9,1015,Cnut the Great's conquest of England
10,1015,Pisan–Genoese expeditions to Sardinia
11,1015,Byzantine–Georgian wars
12,1016,Battle of Pontlevoy
13,1018,Bolesław I's intervention in the Kievan succession crisis
14,1018,Battle of Vlaardingen
15,1018,Battle of Carham
16,1018,Third conflict in the Goryeo–Khitan War
17,1019,Toi invasion
18,1019,Chola expedition to North India
19,1025,Chola invasion of Srivijaya
20,1030,Battle of Azaz (1030)
21,1030,Battle of Stiklestad
22,1033,The Civil War in Georgia
23,1035,Stefan Vojislav's Uprising
24,1040,Battle of Dandanaqan
25,1040,Uprising of Peter Delyan
26,1040,Czech-Germany war
27,1040,Byzantine–Norman wars
28,1043,Rus'–Byzantine War (1043)
29,1046,Vata pagan uprising
30,1048,Byzantine–Seljuk wars
31,1051,Former Nine Years' War
32,1061,Norman conquest of Sicily
33,1064,Crusade of Barbastro
34,1064,Breton–Norman War
35,1065,War of the Three Sanchos
36,1066,Battle of Stamford Bridge
37,1066,Norman Conquest of England
38,1066,Norman invasion of Wales
39,1066,Battle on the Nemiga River
40,1068,Battle of the Alta River
41,1068,Battle of Kerlés
42,1068,Kiev uprising of 1068
43,1071,Battle of Pedroso
44,1072,Battle of Golpejera
45,1072,Uprising of Georgi Voyteh
46,1073,Battle of Kerj Abu Dulaf
47,1073,Saxon Rebellion
48,1074,Georgian–Seljuk wars
49,1075,Lý–Song War
50,1075,Revolt of the Earls
51,1075,Varendra rebellion
52,1077,Great Saxon Revolt
53,1083,Gosannen War
54,1088,Rebellion of 1088
55,1096,"First Crusade_x000D_
Part of the Crusades"
56,1097,Chola invasion of Kalinga (1097)
57,1101,"Crusade of 1101_x000D_
Part of the Crusades"
58,1101,"Battle of Ramla (1101)_x000D_
Part of the Crusades"
59,1102,"Battle of Ramla (1102)_x000D_
Part of the Crusades"
60,1107,"Norwegian Crusade_x000D_
Part of the Crusades"
61,1110,Chola invasion of Kalinga (1110)
62,1113,"1113–15 Balearic Islands expedition_x000D_
Part of the Crusades"
63,1122,"Venetian Crusade_x000D_
Part of the Crusades"
64,1107,Muhammad Tapar's anti-Nizari campaign
65,1123,"Kalmare ledung_x000D_
Part of the Crusades"
66,1125,Jurchen campaigns against the Song dynasty
67,1127,Byzantine-Hungarian War (1127–29)
68,1130,Civil war era in Norway
69,1131,Danish Civil War
70,1135,The Anarchy
71,1144,Baussenque Wars
72,1145,"Second Crusade_x000D_
Part of the Crusades"
73,1147,"Northern Crusades_x000D_
Part of the Crusades"
74,1156,Hōgen Rebellion
75,1159,Heiji Rebellion
76,1169,Norman invasion of Ireland
77,1169,Pandyan Civil War (1169–1177)
78,1171,Byzantine–Venetian War of 1171
79,1173,Revolt of 1173–74
80,1177,"Battle of Montgisard_x000D_
Part of the Crusades"
81,1179,Battle of Loděnice (1179)
82,1179,"Battle of Marj Ayyun_x000D_
Part of the Crusades"
83,1179,"Battle of Jacob's Ford_x000D_
Part of the Crusades"
84,1180,Genpei War
85,1182,"Battle of Belvoir Castle_x000D_
Part of the Crusades"
86,1183,"Battle of Al-Fule_x000D_
Part of the Crusades"
87,1185,Uprising of Asen and Peter
88,1185,Battle of Loděnice (1185)
89,1187,"Battle of Cresson_x000D_
Part of the Crusades"
90,1187,"Battle of Hattin_x000D_
Part of the Crusades"
91,1187,Siege of Jerusalem
92,1189,"Third Crusade_x000D_
Part of the Crusades"
93,1191,Conquest of Cyprus
94,1197,"Crusade of 1197_x000D_
Part of the Crusades"
95,1198,"Livonian Crusade_x000D_
Part of the Crusades"
96,1201,War of the Antiochene Succession
97,1202,"Fourth Crusade_x000D_
Part of the Crusades"
98,1204,Intervention in Chaldia
99,1202,Anglo-Norman War (1202–04)
100,1202,Anglo-French War of 1202–1214
101,1203,Loon War
102,1204,Bulgarian–Latin wars
103,1206,Mongol invasions and conquests
104,1208,Lombard Rebellion
105,1209,"Albigensian Crusade_x000D_
Part of the Crusades"
106,1211,Welsh uprising of 1211
107,1213,"Fifth Crusade_x000D_
Part of the Crusades"
108,1214,Battle of Bouvines
109,1215,First Barons' War
110,1216,Mongol conquest of the Qara Khitai
111,1216,War of the Succession of Champagne
112,1221,Jōkyū War
113,1221,Battle of Genter
114,1228,"Sixth Crusade_x000D_
Part of the Crusades"
115,1228,War of the Lombards
116,1230,Friso-Drentic War
117,1230,Dernbacher Feud
118,1233,"Stedinger Crusade_x000D_
Part of the Crusades"
119,1235,"Bosnian Crusade_x000D_
Part of the Crusades"
120,1236,First war against Swietopelk II
121,1239,Teltow and Magdeburg Wars
122,1240,"Livonian campaign against Rus' _x000D_
Part of the Northern Crusades"
123,1242,Saintonge War
124,1242,Second war against Swietopelk II
125,1242,First Prussian Uprising
126,1244,War of the Flemish Succession
127,1247,War of the Thuringian Succession
128,1248,Genoese occupation of Rhodes
129,1248,"Seventh Crusade_x000D_
Part of the Crusades"
130,1250,Tumapel-Kediri war
131,1251,Shepherds' Crusade (1251)
132,1252,Third war against Swietopelk II
133,1256,War of the Euboeote Succession
134,1256,War of Saint Sabas
135,1257,Rebellion of Arbanon
136,1257,Epirote–Nicaean conflict (1257–59)
137,1260,Toluid Civil War
138,1260,Great Prussian Uprising
139,1260,Mongol invasions of the Levant
140,1262,Berke–Hulagu war
141,1262,Scottish–Norwegian War
142,1264,Hungarian Civil War (1264–1265)
143,1264,Second Barons' War
144,1266,"Battle of Benevento_x000D_
Part of Guelphs and Ghibellines"
145,1268,Mačva War
146,1268,Kaidu–Kublai war
147,1269,Catalan Crusade
148,1269,Civil war in Pomerelia
149,1270,Kelana Bhayangkara rebellion
150,1270,"Eighth Crusade_x000D_
Part of the Crusades"
151,1270,Sambyeolcho Rebellion
152,1271,"Ninth Crusade_x000D_
Part of the Crusades"
153,1272,War of the Cow
154,1274,Mongol invasions of Japan
155,1275,Manx revolt of 1275
156,1275,Pamalayu Expedition
157,1276,6000-mark war
158,1277,Uprising of Ivaylo
159,1277,Conquest of Wales by Edward I
160,1277,First Mongol invasion of Burma
161,1280,Mahisa Rangka rebellion
162,1280,Genoese–Mongol Wars
163,1282,War of the Sicilian Vespers
164,1283,War of the Limburg Succession
165,1284,Pabali Expedition
166,1285,Southwest Borneo Expedition
167,1289,War of the Outlaws
168,1292,Jayakatwang rebellion
169,1292,Mongol invasion of Java
170,1294,Majapahit invasion of Sambas
171,1294,Battle of Red Ford
172,1294,Anglo-French War of 1294–1303
173,1295,Ranggalawe rebellion
174,1295,War of Curzola
175,1296,Byzantine–Venetian War (1296–1302)
176,1296,First War of Scottish Independence
177,1297,Franco-Flemish War
178,1300,Second Mongol invasion of Burma
179,1300,Lembu Sora rebellion
180,1300,K'aissape–Hvalsey war
181,1303,Conquest of Sylhet
182,1308,Teutonic takeover of Danzig (Gdańsk)
183,1309,Crusade of the Poor
184,1311,Rebellion of mayor Albert
185,1311,Delhi–Seuna War
186,1314,Esen Buqa–Ayurbarwada war
187,1315,Battle of Morgarten
188,1315,Bruce campaign in Ireland
189,1316,Nambi rebellion
190,1318,Semi rebellion
191,1319,Ra Kuti rebellion
192,1320,Shepherds' Crusade (1320)
193,1321,Swedish–Novgorodian Wars
194,1321,Despenser War
195,1323,Peasant revolt in Flanders 1323–28
196,1324,War of Metz
197,1326,First War of the Rügen Succession
198,1326,War of Hum
199,1326,Polish–Teutonic War (1326–32)
200,1327,Tver Uprising of 1327
201,1328,War of the Two Capitals
202,1329,Bhre Sedang and Keta rebellion
203,1331,Serbian civil war of 1331
204,1331,Genkō War
205,1331,Eltz Feud
206,1332,Second War of Scottish Independence
207,1336,Nanboku-chō Wars
208,1337,Hundred Years' War
209,1340,Trapezuntine Civil War
210,1340,Majapahit invasion of Aru
211,1340,Galicia–Volhynia Wars
212,1340,Bulgarian–Ottoman Wars
213,1341,"War of the Breton Succession_x000D_
Part of the Hundred Years' War"
214,1341,Byzantine civil war of 1341–47
215,1342,Battle of Zava
216,1342,Thuringian Counts' War
217,1342,Second War of the Rügen Succession
218,1343,St. George's Night Uprising
219,1347,Neapolitan campaigns of Louis the Great
220,1348,Byzantine–Genoese War (1348–49)
221,1350,Hook and Cod wars
222,1351,Red Turban Rebellion
223,1352,Byzantine civil war of 1352–57
224,1353,Delhite invasion of Bengal (1353–1354)
225,1356,War of the Two Peters
226,1357,Ispah rebellion
227,1358,Jacquerie
228,1358,Delhite invasion of Bengal (1353–1354)
229,1362,War of the Bands
230,1363,Revolt of Saint Titus
231,1366,Castilian Civil War
232,1367,Cham–Vietnamese War (1367–1390)
233,1370,War of the Lüneburg Succession
234,1371,War of the Guelderian Succession
235,1373,Byzantine civil war of 1373–79
236,1375,War of the Eight Saints
237,1378,War of Chioggia
238,1378,"Tuchin Revolt_x000D_
Part of the Hundred Years' War"
239,1380,Battle of Kulikovo
240,1381,Peasants' Revolt
241,1381,Lithuanian Civil War (1381–84)
242,1381,Ming conquest of Yunnan
243,1382,Harelle
244,1382,Despenser's Crusade
245,1382,Greater Poland Civil War
246,1383,1383–85 Crisis
247,1380,Tokhtamysh–Timur war
248,1385,Dohna Feud
249,1385,Forty Years' War
250,1386,Timur's invasions of Georgia
251,1387,War of the Cities (1387–1389)
252,1389,Kronberger feud[de]
253,1398,Crusade of Tedelis
254,1399,Epiphany Rising
255,1399,Jingnan Campaign
256,1400,English invasion of Scotland
257,1400,Glyndŵr Rising
258,1401,First Samogitian Uprising
259,1402,Battle of Ankara
260,1402,Ottoman Interregnum
261,1402,Conquest of the Canary Islands
262,1403,Percy Rebellion
263,1404,Regreg war
264,1405,Scrope Rebellion
265,1405,First Scutari War
266,1406,Ming conquest of Đại Việt
267,1407,"Armagnac–Burgundian Civil War_x000D_
Part of the Hundred Years' War"
268,1407,Revolts of Trần princes
269,1409,Second Samogitian Uprising
270,1409,Polish–Lithuanian–Teutonic War
271,1410,Ming–Kotte War
272,1413,"Cabochien Revolt_x000D_
Part of the Hundred Years' War"
273,1413,Great Frisian War
274,1413,Korbach Feud
275,1414,Hunger War
276,1414,Oldcastle Revolt
277,1418,Lam Sơn uprising
278,1419,Ōei Invasion
279,1419,Second Scutari War
280,1419,Hussite Wars
281,1420,Lê Ngạ's Uprising
282,1420,Bavarian War
283,1421,"War of the Oxen_x000D_
Part of the Bavarian War"
284,1422,Siege of Constantinople (1422)
285,1422,Siege of Thessalonica (1422–1430)
286,1422,Gollub War
287,1423,War of L'Aquila
288,1425,Muscovite Civil War
289,1425,Wars in Lombardy
290,1426,Dano-Hanseatic War (1426–35)
291,1427,Mainz-Hessian War
292,1428,Shocho uprising
293,1428,Neville–Neville feud
294,1431,Polish–Teutonic War (1431–35)
295,1431,First Irmandiño
296,1431,Lithuanian Civil War (1431–35)
297,1432,Albanian Revolt of 1432–36
298,1434,Engelbrekt rebellion
299,1436,Pukefejden
300,1436,Luchuan–Pingmian campaigns
301,1437,Transylvanian peasant revolt
302,1438,Dutch–Hanseatic War
303,1440,Praguerie
304,1440,Old Zürich War
305,1444,Battle of Torvioll
306,1444,Soest Feud
307,1446,Saxon Fratricidal War
308,1446,Flower war
309,1447,Albanian–Venetian War
310,1447,Milanese War of Succession
311,1449,Tumu Crisis
312,1449,First Margrave War
313,1449,Revolt of Ghent (1449–53)
314,1449,Kotte conquest of the Jaffna Kingdom
315,1450,Jack Cade Rebellion
316,1451,Navarrese Civil War
317,1453,Fall of Constantinople
318,1453,Morea revolt of 1453–1454
319,1453,Percy–Neville feud
320,1454,Thirteen Years' War (1454–66)
321,1454,Flower war
322,1455,Bonville–Courtenay feud
323,1455,Wars of the Roses
324,1456,Siege of Belgrade (1456)
325,1456,Ayutthaya-Lan Na War
326,1457,Koshamain's War
327,1459,Bavarian War (1459–63)
328,1461,Rebellion of Cao Qin
329,1462,The Night Attack
330,1462,Catalan Civil War
331,1464,War of the Succession of Stettin
332,1465,1465 Moroccan revolt
333,1465,Ballaban's campaign of 1465
334,1465,War of the Public Weal
335,1465,Wars of Liège
336,1467,First Irmandiño
337,1467,"Ōnin War_x000D_
Part of the Sengoku Period"
338,1467,War of the Priests
339,1468,Bohemian War (1468–78)
340,1468,Böckler war[de]
341,1470,Chimor–Inca War
342,1470,Dano-Swedish War (1470–71)
343,1470,First Utrecht Civil War
344,1471,Cham–Vietnamese War (1471)
345,1473,Tenochtitlan-Tlatelolco Conflict
346,1474,Burgundian Wars
347,1475,War of the Castilian Succession
348,1476,Ottoman-Moldavian War of 1476
349,1477,Austrian–Hungarian War (1477–88)
350,1479,Vietnamese-Laotian War (1479–80)
351,1480,Siege of Rhodes (1480)
352,1480,Saltpeter War (Mexico)
353,1481,Second Utrecht Civil War
354,1482,War of Ferrara
355,1482,Granada War
356,1483,Buckingham's rebellion
357,1483,1483 Flemish Revolt
358,1484,Mieres Uprising
359,1485,Mad War
360,1486,Stafford and Lovell Rebellion
361,1486,Simmel Rebellion
362,1487,Kaga Rebellion
363,1487,1487 Flemish Revolt
364,1487,War of Rovereto
365,1489,Yorkshire rebellion 1489
366,1491,Bread and Cheese Revolt
367,1492,First Muscovite–Lithuanian War
368,1493,Bundschuh movement
369,1494,Italian War of 1494–98
370,1495,Russo-Swedish War (1495–97)
371,1497,Cornish Rebellion of 1497
372,1497,Second Cornish Uprising of 1497
373,1497,Warbeck Rebellion
374,1499,Swabian War
375,1497,Conquest of Melilla
376,1499,Rebellion of the Alpujarras (1499–1501)
377,1499,Ottoman–Venetian War (1499–1503)
378,1499,Italian War of 1499–1504
379,1500,"Second Muscovite–Lithuanian War_x000D_
Muscovite–Lithuanian Wars"
380,1500,Battle of Hemmingstedt
381,1501,Dano-Swedish War (1501–1512) Part of the Dano-Swedish Wars
382,1502,Persian–Uzbek wars
383,1502,Guelders Wars
384,1503,War of the Succession of Landshut
385,1505,Portuguese–Mamluk naval war
386,1507,"Third Muscovite–Lithuanian War_x000D_
Muscovite–Lithuanian Wars"
387,1508,"War of the League of Cambrai_x000D_
Part of the Italian Wars and Anglo-French War (1512–14)"
388,1509,Second Invasion of the Kazakh Khanate (1509)
389,1509,"Battle of Diu_x000D_
Part of the Portuguese battles in the Indian Ocean, Portuguese–Mamluk naval war and Ottoman–Portuguese confrontations"
390,1509,Ottoman Civil War
391,1510,Prince of Anhua rebellion
392,1510,Hvar rebellion
393,1510,"Portuguese conquest of Goa_x000D_
Ottoman–Portuguese confrontations"
394,1511,Friulian revolt of 1511
395,1511,Şahkulu rebellion
396,1511,Spanish–Taíno War of San Juan–Borikén
397,1511,Malayan–Portuguese war
398,1512,Bengal Sultanate–Kingdom of Mrauk U War
399,1512,"Fourth Muscovite–Lithuanian War_x000D_
Muscovite–Lithuanian Wars"
400,1512,Spanish conquest of Iberian Navarre
401,1514,Poor Conrad Rebellion
402,1514,György Dózsa Rebellion
403,1514,Battle of Chaldiran
404,1515,Slovene Peasant Revolt
405,1515,Arumer Zwarte Hoop
406,1516,"Ottoman–Mamluk War (1516–17)_x000D_
Part of the Ottoman–Mamluk wars"
407,1516,Texcoco Civil War
408,1516,Trần Cao rebellion
409,1519,Prince of Ning rebellion
410,1519,"Polish–Teutonic War (1519–1521)_x000D_
Polish–Teutonic wars"
411,1519,Spanish conquest of the Aztec Empire
412,1519,Revolt of the Brotherhoods
413,1519,Hildesheim Diocesan Feud
414,1519,Celali rebellions
415,1520,Revolt of the Comuneros
416,1521,First Battle of Tamão
417,1521,"Swedish War of Liberation_x000D_
Part of the Swedish War of Secession"
418,1521,"Italian War of 1521–1526_x000D_
Part of the Italian Wars"
419,1521,Musso War
420,1522,First Civil War (Kazakh Khanate)
421,1522,Knights' Revolt
422,1522,Second Battle of Tamão
423,1522,Siege of Rhodes (1522)
424,1523,Franconian War
425,1524,German Peasants' War
426,1524,Dalecarlian rebellions
427,1525,Amicable Grant Revolt
428,1526,"War of the League of Cognac_x000D_
Part of the Italian Wars"
429,1526,Battle of Mohács
430,1527,Sinhalese–Portuguese War
431,1527,Spanish conquest of Yucatán
432,1527,"Hungarian campaign of 1527–1528_x000D_
Part of the Ottoman–Habsburg wars"
433,1529,Ethiopian–Adal war
434,1529,Westrogothian rebellion
435,1529,First War of Kappel
436,1529,Suleiman I's campaign of 1529
437,1529,Siege of Vienna
438,1529,Inca Civil War
439,1530,"Little War in Hungary_x000D_
Part of the Ottoman–Habsburg wars"
440,1531,Second War of Kappel
441,1532,Spanish conquest of the Inca Empire
442,1532,"Ottoman–Safavid War (1532–1555)_x000D_
Part of the Ottoman–Persian wars"
443,1533,"Yaqui Wars_x000D_
Part of the Mexican Indian Wars and the American Indian Wars"
444,1533,Lê–Mạc War
445,1534,Silken Thomas rebellion
446,1534,Münster rebellion
447,1534,Count's Feud
448,1534,"Fifth Muscovite–Lithuanian War_x000D_
Part of the Muscovite–Lithuanian Wars"
449,1534,Toungoo–Hanthawaddy War
450,1534,Iguape War
451,1536,Pilgrimage of Grace
452,1536,Italian War of 1536–1538
453,1537,Bigod's rebellion
454,1537,Conquistador Civil War in Peru
455,1538,Yemeni Expedition of 1538 Part of the Yemeni–Ottoman conflicts
456,1538,Toungoo–Ava War
457,1538,Ottoman–Portuguese conflicts (1538–1559)
458,1539,Revolt of Ghent (1539–1540)
459,1540,Peasant's Rebellion in Telemark
460,1540,Mixtón War
461,1542,Dacke War
462,1542,"Italian War of 1542–1546_x000D_
Part of the Italian Wars"
463,1542,"Rough Wooing _x000D_
Part of the Anglo-Scottish Wars"
464,1543,Koch–Ahom conflicts
465,1545,Toungoo–Mrauk-U War
466,1546,Schmalkaldic War
467,1547,Burmese–Siamese War (1547–1549)
468,1547,Jiajing wokou raids
469,1548,Revolt of the Pitauds
470,1549,Prayer Book Rebellion
471,1549,Buckinghamshire and Oxfordshire rising of 1549
472,1549,Kett's Rebellion
473,1550,Chichimeca War
474,1551,Italian War of 1551–1559
475,1552,Second Margrave War
476,1552,Tuggurt Expedition
477,1552,Siege of Kazan
478,1552,Kazan rebellion of 1552–1556
479,1554,Wyatt's rebellion
480,1554,Russo-Swedish War (1554–1557)
481,1555,Saukrieg
482,1555,France Antarctique
483,1557,Ottoman conquest of Habesh
484,1558,Ottoman–Portuguese conflicts (1538–1559)
485,1558,Shane O'Neill's rebellion
486,1558,Livonian War
487,1560,Portuguese conquest of the Jaffna kingdom
488,1562,French Wars of Religion
489,1563,Burmese–Siamese War (1563–1564)
490,1563,Northern Seven Years' War
491,1564,Mariovo and Prilep rebellion
492,1564,Mughal conquest of Garha
493,1567,Philippine revolts against Spain
494,1568,Burmese–Siamese War (1568–1569)
495,1568,Rebellion of the Alpujarras (Morisco Revolt)
496,1568,Marian civil war
497,1568,Eighty Years' War
498,1569,First Desmond Rebellion
499,1569,Rising of the North
500,1570,War of the League of the Indies
501,1570,Ottoman–Venetian War (1570–1573)
502,1570,Ishiyama Hongan-ji War
503,1571,Russo-Crimean War (1571)
504,1572,Mughal invasion of Bengal
505,1573,Croatian–Slovene Peasant Revolt
506,1575,Danzig rebellion
507,1578,Castilian War
508,1578,"Battle of Alcácer Quibir (also known as ""Battle of Three Kings"" or ""The Battle of Alcazar"")"
509,1578,Ottoman–Safavid War (1578–1590)
510,1579,Tenshō Iga War
511,1579,Second Desmond Rebellion
512,1580,War of the Portuguese Succession
513,1580,Ottoman–Portuguese conflicts (1586–1589)
514,1581,Conquest of the Khanate of Sibir
515,1582,Honnō-ji Incident
516,1583,Cologne War
517,1584,Burmese–Siamese War (1584–1593)
518,1585,Anglo-Spanish War (1585–1604)
519,1587,War of the Polish Succession (1587–88)
520,1589,Beylerbeyi event
521,1590,Russo-Swedish War (1590–1595)
522,1591,Portuguese invasion of Jaffna kingdom (1591)
523,1591,Kosiński uprising
524,1591,Rappenkrieg (Basel)
525,1591,Siamese–Cambodian War (1591–1594)
526,1591,Long Turkish War
527,1592,Japanese invasions of Korea
528,1592,Strasbourg Bishops' War
529,1593,Cambodian–Spanish War
530,1593,Moldavian Magnate Wars
531,1594,Nalyvaiko Uprising
532,1594,Burmese–Siamese War (1593–1600)
533,1594,Nine Years' War (Ireland)
534,1596,Himara Revolt
535,1596,Oxfordshire rising of 1596
536,1596,Serb uprising of 1596–1597
537,1596,Cudgel War
538,1598,War against Sigismund
539,1600,Battle of Sekigahara
540,1600,Thessaly rebellion (1600)
541,1600,Franco-Savoyard War (1600–1601)
542,1600,Navajo Wars
543,1600,Polish–Swedish War (1600–1611)
544,1601,Acaxee Rebellion
545,1602,Dutch–Portuguese War
546,1603,Ottoman–Safavid War (1603–1618)
547,1605,Polish–Muscovite War (1605–1618)
548,1606,Bolotnikov rebellion
549,1606,Zebrzydowski rebellion
550,1609,War of the Jülich Succession
551,1609,Beaver Wars
552,1609,Invasion of Ryukyu
553,1610,First Anglo-Powhatan War
554,1610,Ingrian War
555,1611,Epirus revolt of 1611
556,1612,Kalmar War
557,1612,Rappenkrieg
558,1612,Equinoctial France War
559,1613,Burmese–Siamese War (1609–1622)
560,1614,Siege of Osaka
561,1614,Mataram conquest of Surabaya
562,1615,Uskok War
563,1615,Ahom–Mughal conflicts
564,1616,Tepehuán Revolt
565,1617,Polish–Swedish War (1617–1618)
566,1618,"Spanish conquest of Petén_x000D_
Part of the Spanish conquest of Guatemala and the Spanish conquest of Yucatán"
567,1618,Bündner Wirren
568,1618,Thirty Years' War
569,1618,Qing conquest of the Ming
570,1619,Ahom–Mughal conflicts
571,1620,Polish–Ottoman War (1620–1621)
572,1621,Dutch conquest of the Banda Islands
573,1621,Polish–Swedish War (1621–1625)
574,1621,Mughal–Sikh War (1621–35)
575,1622,War of the Vicuñas and Basques
576,1622,Second Anglo-Powhatan War
577,1623,Ottoman–Safavid War (1623–1639)
578,1625,Anglo-Spanish War (1625–1630)
579,1625,Zhmaylo uprising
580,1625,Relief of Genoa
581,1626,Polish–Swedish War (1626–1629)
582,1626,Peasants' War in Upper Austria
583,1627,Later Jin invasion of Joseon
584,1627,Trịnh–Nguyễn War
585,1628,"War of the Mantuan Succession_x000D_
Part of the Thirty Years' War"
586,1630,Fedorovych uprising
587,1630,Yemeni Expedition of the 1630s Part of the Yemeni–Ottoman Conflicts
588,1632,Smolensk War
589,1633,Polish–Ottoman War (1633–1634)
590,1634,Pequot War
591,1635,Sulyma uprising
592,1635,Acadian Civil War
593,1635,Franco-Spanish War (1635–1659)
594,1636,Qing invasion of Joseon
595,1637,Pavlyuk uprising
596,1637,Shimabara Rebellion
597,1638,Ostryanyn uprising
598,1639,Revolt of the va-nu-pieds
599,1639,"First Bishops' War_x000D_
Part of the Wars of the Three Kingdoms"
600,1640,"Second Bishops' War_x000D_
Part of the Wars of the Three Kingdoms"
601,1640,Catalan Revolt
602,1640,Portuguese Restoration War
603,1641,"Irish Confederate Wars_x000D_
Part of the Wars of the Three Kingdoms"
604,1641,First War of Castro
605,1642,"First English Civil War_x000D_
Part of the Wars of the Three Kingdoms"
606,1643,Cambodian–Dutch War
607,1643,"Torstenson War_x000D_
Part of the Thirty Years' War"
608,1643,Kieft's War
609,1648,Kazakh-Dzungar Wars
610,1644,Third Anglo-Powhatan War
611,1644,Char Bouba war
612,1644,"Scotland in the Wars of the Three Kingdoms_x000D_
Part of the Wars of the Three Kingdoms"
613,1645,Cretan War (1645–1669)
614,1648,Atmeydanı incident
615,1648,Moscow uprising of 1648
616,1648,Khmelnytsky Uprising
617,1648,First Fronde
618,1648,"Second English Civil War_x000D_
Part of the Wars of the Three Kingdoms"
619,1649,"Third English Civil War_x000D_
Part of the Wars of the Three Kingdoms"
620,1649,Mughal–Safavid War
621,1649,"Cromwellian conquest of Ireland_x000D_
Part of the Wars of the Three Kingdoms"
622,1649,Second War of Castro
623,1650,Second Fronde
624,1651,Düsseldorf Cow War
625,1651,Kostka-Napierski uprising
626,1651,Keian Uprising
627,1651,Three Hundred and Thirty Five Years' War
628,1652,Guo Huaiyi rebellion
629,1652,First Anglo-Dutch War
630,1652,Russian–Manchu border conflicts
631,1653,Swiss peasant war of 1653
632,1653,Morning Star rebellion
633,1654,First Swedish War on Bremen
634,1654,Russo-Polish War (1654–1667)
635,1654,Anglo-Spanish War (1654–1660)
636,1655,Peach Tree War
637,1655,Varaždin rebellion (1665–1666)
638,1655,Second Northern War
639,1655,Savoyard–Waldensian wars
640,1656,Çınar incident
641,1656,"Russo-Swedish War (1656–1658)_x000D_
Part of the Second Northern War"
642,1657,"Dano-Swedish War (1657–1658)_x000D_
Part of the Second Northern War"
643,1658,"Dano-Swedish War (1658–1660)_x000D_
Part of the Second Northern War"
644,1658,Druze power struggle (1658–1667)
645,1659,Bakhtrioni uprising
646,1660,Brunei Civil War
647,1661,Siege of Fort Zeelandia
648,1662,Copper Riot
649,1662,Bashkir rebellion (1662–1664)
650,1662,Burmese–Siamese War (1662–1664)
651,1663,Austro-Turkish War (1663–1664)
652,1665,Lubomirski's rebellion
653,1665,Second Anglo-Dutch War
654,1665,Kongo Civil War
655,1666,Second Swedish War on Bremen
656,1666,Polish–Cossack–Tatar War (1666–1671)
657,1667,War of Devolution
658,1667,Stepan Razin rebellion
659,1667,Angelets
660,1668,Solovetsky Monastery uprising
661,1669,Shakushain's revolt
662,1672,Second Genoese–Savoyard War
663,1672,Polish–Ottoman War (1672–1676)
664,1672,Franco-Dutch War
665,1672,"Third Anglo-Dutch War_x000D_
Part of the Franco-Dutch War"
666,1673,Revolt of the Three Feudatories
667,1674,Trunajaya rebellion
668,1675,Revolt of the papier timbré
669,1675,"Scanian War_x000D_
Part of the Franco-Dutch War"
670,1675,King Philip's War
671,1675,Revolutions of Tunis
672,1676,Russo-Turkish War (1676–1681)
673,1678,Dzungar conquest of Altishahr
674,1679,Rajput War (1679–1707)
675,1679,Tibet–Ladakh–Mughal War
676,1680,Pueblo Revolt
677,1681,Mughal–Maratha Wars
678,1683,Great Turkish War
679,1683,"Polish–Ottoman War (1683–1699)_x000D_
Part of the Great Turkish War"
680,1683,War of the Reunions
681,1684,"Morean War_x000D_
Part of the Great Turkish War"
682,1685,Monmouth Rebellion
683,1686,Second Tarnovo Uprising
684,1686,Child's War
685,1686,Russo-Turkish War (1686–1700)
686,1687,Siamese–English War
687,1687,Revolt of the Barretinas
688,1687,Crimean campaigns
689,1687,Dzungar–Qing Wars
690,1688,Chiprovtsi uprising
691,1688,Nine Years' War
692,1689,Karposh's rebellion
693,1689,"King William's War_x000D_
Part of the Nine Years' War"
694,1689,"Williamite War in Ireland_x000D_
Part of the Nine Years' War"
695,1689,Scottish Jacobite rising
696,1693,Second Brotherhood
697,1694,Komenda Wars
698,1695,Azov campaigns
699,1698,Streltsy uprising
700,1699,Arena Massacre
701,1699,Darien scheme
702,1699,Maghrebi war (1699-1702)
703,1700,Great Northern War
704,1701,Battle of Dartsedo
705,1701,War of the Spanish Succession
706,1702,"Queen Anne's War_x000D_
Part of the War of the Spanish Succession"
707,1702,Camisard Rebellion
708,1703,Ottoman invasion of western Georgia (1703)
709,1703,Naqib al-Ashraf revolt
710,1703,Rákóczi's War of Independence
711,1704,Kuridža's Rebellion
712,1704,Civil war in Poland (1704–1706) Part of the Great North War
713,1704,First Javanese War of Succession
714,1704,Bashkir Uprising (1704–1711)
715,1705,Bavarian People's Uprising
716,1707,Mughal war of succession (1707)
717,1707,Bulavin Rebellion
718,1707,War of the Emboabas
719,1708,Comacchio war[de]
720,1709,Hotaki–Safavid War
721,1710,Pruth River Campaign
722,1711,Cary's Rebellion
723,1711,1711 Karamanli coup
724,1711,Battle of Ain Dara
725,1711,Tuscarora War
726,1712,1712 Huilliche rebellion
727,1712,New York Slave Revolt of 1712
728,1712,Toggenburg War
729,1712,First Fox War
730,1713,"War of the Catalans_x000D_
Part of the War of the Spanish Succession"
731,1714,Ottoman–Venetian War (1714–18)
732,1715,Yamasee War
733,1715,"Jacobite rising of 1715_x000D_
Also called ""The Fifteen"""
734,1717,1717 Omani invasion of Bahrain
735,1718,War of the Quadruple Alliance
736,1719,Second Javanese War of Succession
737,1720,Chinese expedition to Tibet (1720)
738,1721,Attingal Outbreak
739,1721,Revolt of the Comuneros (Paraguay)
740,1721,Chickasaw Wars
741,1722,Father Rale's War
742,1722,Russo-Persian War (1722–1723)
743,1722,Ottoman–Hotaki War (1722–1727)
744,1725,Saltpeter Wars
745,1726,Appeal War
746,1727,Anglo-Spanish War (1727–1729)
747,1728,Second Fox War
748,1730,Patrona Halil Revolt
749,1730,Ottoman–Persian War (1730–1735)
750,1732,Kovenu war
751,1733,1733 slave insurrection on St. John
752,1733,War of the Polish Succession
753,1735,Miao Rebellion (1735–36)
754,1735,Spanish–Portuguese War (1735–1737)
755,1735,Russo–Turkish War (1735–1739)
756,1735,Bashkir Rebellion
757,1738,Nader Shah's invasion of India
758,1739,Stono Rebellion
759,1739,"War of Jenkins' Ear_x000D_
Part of the War of the Austrian Succession"
760,1740,War of the Austrian Succession
761,1740,First Silesian War
762,1741,Java War (1741–1743)
763,1741,"Russo-Swedish War (1741–1743)_x000D_
Part of the War of the Austrian Succession"
764,1743,Ottoman–Persian War (1743–1746)
765,1744,Dagohoy rebellion
766,1744,Chukchi War
767,1744,"King George's War_x000D_
Part of the War of the Austrian Succession"
768,1744,"Second Silesian War_x000D_
Part of the War of the Austrian Succession"
769,1745,"Jacobite rising of 1745_x000D_
Also called ""The Forty-Five"""
770,1746,"First Carnatic War_x000D_
Part of the War of the Austrian Succession"
771,1747,Choctaw Civil War
772,1747,Civil War between Afsharid and Qajar
773,1749,Second Carnatic War
774,1749,Third Javanese War of Succession
775,1752,Konbaung–Hanthawaddy War
776,1754,"French and Indian War_x000D_
Part of the Seven Years' War"
777,1756,Guaraní War
778,1756,Seven Years' War
779,1756,"Third Silesian War_x000D_
Part of the Seven Years' War"
780,1757,"Third Carnatic War_x000D_
Part of the Seven Years' War"
781,1757,"Pomeranian War_x000D_
Part of the Seven Years' War"
782,1757,Revolt of the Altishahr Khojas
783,1758,"Anglo-Cherokee War_x000D_
Part of the French and Indian War"
784,1759,Burmese–Siamese War (1759–1760)
785,1760,Tacky's War
786,1761,Canek Revolt
787,1762,"Fantastic War_x000D_
Part of the Seven Years' War"
788,1763,Berbice slave uprising
789,1763,Pontiac's War
790,1763,"Russo-Circassian War_x000D_
Part of the Caucasian War"
791,1765,Strilekrigen
792,1765,Burmese–Siamese War (1765–67)
793,1765,Sino-Burmese War
794,1765,War of the Regulation
795,1766,Mysorean invasion of Kerala
796,1767,First Anglo-Mysore War
797,1768,Louisiana Rebellion of 1768
798,1768,Koliyivshchyna
799,1768,French conquest of Corsica
800,1768,Russo-Turkish War (1768–1774)
801,1768,Bar Confederation
802,1769,First Carib War
803,1769,Danish-Algerian War
804,1769,Moamoria rebellion
805,1771,Moscow plague riot of 1771
806,1771,Tây Sơn–Nguyễn War (1771–1785)
807,1771,Fakir-Sannyasi rebellion
808,1773,Pugachev's Rebellion
809,1774,Lord Dunmore's War
810,1775,Rising of the Priests
811,1775,Burmese–Siamese War (1775–1776)
812,1775,First Anglo-Maratha War
813,1775,American Revolutionary War
814,1776,Spanish–Portuguese War (1776–1777)
815,1776,Chickamauga Wars (1776–1794)
816,1778,War of the Bavarian Succession
817,1779,"Anglo-Spanish War_x000D_
Part of the American Revolutionary War"
818,1779,First Xhosa War
819,1780,"Fourth Anglo-Dutch War_x000D_
Part of the American Revolutionary War"
820,1780,Second Anglo-Mysore War
821,1781,Jahriyya revolt
822,1781,Revolt of the Comuneros (New Granada)
823,1782,1782 Sylhet uprising
824,1782,Unification of Hawaii
825,1783,1782–83 unrest in Bahrain
826,1783,Kuban Nogai Uprising
827,1784,Oman-Zanzibar War
828,1784,Kettle War
829,1784,"Revolt of Horea, Cloșca and Crișan"
830,1785,Battle of Rạch Gầm-Xoài Mút
831,1785,Burmese–Siamese War (1785–86)
832,1785,Northwest Indian War
833,1786,Tây Sơn–Trịnh War
834,1786,Lofthuus' Rebellion
835,1786,Shays' Rebellion
836,1787,Prussian invasion of Holland
837,1787,Burmese–Siamese War (1787)
838,1787,Austro-Turkish War (1787–1791)
839,1787,Russo-Turkish War (1787–92)
840,1787,Tây Sơn–Nguyễn War (1787–1802)
841,1788,Russo-Swedish War (1788–1790)
842,1788,Theatre War
843,1788,Australian frontier wars
844,1788,Sino-Nepalese War
845,1788,Battle of Ngọc Hồi-Đống Đa
846,1789,Menashi-Kunashir Rebellion
847,1789,Third Anglo-Mysore War
848,1789,Qajar conquest of the Zand Dynasty
849,1789,Second Xhosa War
850,1789,Liège Revolution
851,1789,Brabant Revolution
852,1790,Pemulwuy Resistance
853,1790,Saxon Peasants' Revolt
854,1791,Haitian Revolution
855,1791,Whiskey Rebellion
856,1792,Dundiya rebellion
857,1792,Polish–Russian War of 1792
858,1792,Burmese–Siamese War (1792)
859,1792,"War of the First Coalition_x000D_
Part of the French Revolutionary Wars"
860,1793,"War in the Vendée_x000D_
Part of the War of the First Coalition"
861,1793,Tripolitanian civil war
862,1793,Cotiote War
863,1794,Nickajack Expedition
864,1794,Pazvantoğlu Rebellion
865,1794,Kościuszko Uprising
866,1794,White Lotus Rebellion
867,1795,Curaçao Slave Revolt of 1795
868,1795,Battle of Krtsanisi
869,1795,Fédon's rebellion
870,1795,Hawkesbury and Nepean Wars
871,1795,Second Carib War
872,1795,Miao Rebellion (1795–1806)
873,1796,Persian Expedition of 1796
874,1796,Anglo-Spanish War (1796–1808)
875,1797,1797 Rugby School rebellion
876,1797,Denisko uprising
877,1797,Burmese–Siamese War (1797)
878,1798,Peasants' War (1798)
879,1798,"War of the Second Coalition_x000D_
Part of the French Revolutionary Wars"
880,1798,Quasi-War
881,1798,Irish Rebellion of 1798
882,1798,Fourth Anglo-Mysore War
883,1799,"War of Knives_x000D_
Part of Haitian Revolution"
884,1799,Fries's Rebellion
885,1799,Third Xhosa War
886,1801,Temne War
887,1801,Tripolitan War
888,1801,War of the Oranges
889,1802,Fourth quarter of the Haitian Revolution
890,1802,Sack of Karbala
891,1802,Stecklikrieg
892,1802,Tedbury's War
893,1803,Souliote War
894,1803,Irish Rebellion of 1803
895,1803,Second Anglo-Maratha War
896,1803,Burmese–Siamese War (1803–05)
897,1803,First Kandyan War
898,1803,Napoleonic Wars
899,1803,"War of the Third Coalition_x000D_
Part of the Napoleonic Wars"
900,1803,Padri War
901,1804,1804 Mtiuleti rebellion
902,1804,Battle of Suriname
903,1804,"Battle of Sitka_x000D_
Part of the Russian colonization of the Americas"
904,1804,"First Serbian Uprising_x000D_
Part of the Serbian Revolution"
905,1804,"Uprising against the Dahije_x000D_
Part of the First Serbian Uprising"
906,1804,Castle Hill convict rebellion
907,1804,Fulani War
908,1804,"Russo-Persian War (1804–1813)_x000D_
Part of the Russo-Persian Wars"
909,1805,"Egyptian Revolution _x000D_
Part of the Napoleonic Wars"
910,1805,Janissaries' Revolt
911,1805,"Franco-Swedish War_x000D_
Part of the Napoleonic Wars"
912,1805,Haitian invasion of Santo Domingo
913,1806,"War of the Fourth Coalition_x000D_
Part of the Napoleonic Wars"
914,1806,"Russo-Turkish War (1806–1812)_x000D_
Part of the Napoleonic Wars"
915,1806,British invasions of the Río de la Plata
916,1806,Ashanti–Fante War
917,1806,War of Christophe's Secession
918,1806,Vellore Mutiny
919,1807,"Anglo-Turkish War (1807–1809)_x000D_
Part of the Napoleonic Wars"
920,1807,Alexandria expedition of 1807
921,1807,Tican's rebellion
922,1807,Froberg mutiny
923,1807,Brazilian slave revolt of 1807
924,1807,Janissaries' Revolt
925,1807,"Gunboat War _x000D_
Part of the Napoleonic Wars"
926,1807,"Anglo-Russian War (1807–1812)_x000D_
Part of the Napoleonic Wars"
927,1807,Basi Revolt
928,1807,"Peninsular War_x000D_
Part of the Napoleonic Wars"
929,1807,Mtetwa Empire Expansion
930,1807,New Zealand Musket Wars
931,1807,Ottoman coups of 1807–08
932,1808,Rum Rebellion
933,1808,Finnish War
934,1808,"Spanish reconquest of Santo Domingo _x000D_
Part of the Napoleonic Wars"
935,1808,"Dano-Swedish War of 1808–09_x000D_
Part of the Napoleonic Wars"
936,1808,Travancore Rebellion
937,1809,Gurkha-Sikh War
938,1809,Persian Gulf campaign of 1809
939,1809,Coup of 1809
940,1809,"War of the Fifth Coalition_x000D_
Part of the Napoleonic Wars"
941,1809,1809 Gottscheer Rebellion
942,1809,"Tyrol Rebellion_x000D_
Part of the Napoleonic Wars"
943,1809,"Quito Revolution_x000D_
Part of the Spanish American wars of independence"
944,1809,Burmese–Siamese War (1809–1812)
945,1809,"Bolivian War of Independence_x000D_
Part of the Spanish American wars of independence"
946,1810,"Argentine War of Independence_x000D_
Part of the Spanish American wars of independence"
947,1810,"Tecumseh's War_x000D_
Part of the War of 1812"
948,1810,US occupation of West Florida
949,1810,Punjab War
950,1810,"Chilean War of Independence_x000D_
Part of the Spanish American wars of independence"
951,1810,Conquest of Hawaii
952,1810,Amadu's Jihad
953,1810,"Mexican War of Independence_x000D_
Part of the Spanish American wars of independence"
954,1811,Cambodian rebellion (1811–12)
955,1811,Battle of Khakeekera
956,1811,1811 German Coast uprising
957,1811,Invasion of Java (1811)
958,1811,Tonquin incident
959,1811,Fourth Xhosa War
960,1811,Ga–Fante War
961,1811,Arakanese Uprising
962,1811,"Battle of Las Piedras_x000D_
Part of the Spanish American wars of independence"
963,1811,Cambodian Rebellion
964,1811,Gwanseo Peasant War (1811–1812)
965,1811,Paraguayan Revolt
966,1811,Wahhabi War
967,1811,"Venezuelan War of Independence_x000D_
Part of the Spanish American wars of independence"
968,1811,"Peruvian War of Independence_x000D_
Part of the Spanish American wars of independence"
969,1812,Battle of Shela
970,1812,Aponte conspiracy
971,1812,"French invasion of Russia_x000D_
Part of the Napoleonic Wars"
972,1812,"War of the Sixth Coalition_x000D_
Part of the Napoleonic Wars"
973,1812,War of 1812
974,1812,Pemmican War
975,1813,Eight Trigrams uprising of 1813
976,1813,Afghan-Sikh Wars
977,1813,Creek War
978,1813,Peoria War
979,1814,Brazilian slave revolt of 1814
980,1814,"Swedish–Norwegian War_x000D_
Part of the Napoleonic Wars"
981,1814,Anglo-Nepalese War
982,1814,Ashanti–Akim–Akwapim War
983,1814,"Hadži Prodan's Revolt_x000D_
Part of the Serbian Revolution"
984,1814,Argentine Civil Wars
985,1815,Slachter's Nek Rebellion
986,1815,Second Barbary War
987,1815,Second Kandyan War
988,1815,"Hundred Days_x000D_
War of the Seventh Coalition"
989,1815,"Neapolitan War_x000D_
Part of the Hundred Days"
990,1815,Temne-Susu War
991,1815,"Spanish reconquest of New Granada_x000D_
Part of the Spanish American wars of independence"
992,1815,"Second Serbian Uprising_x000D_
Part of the Serbian Revolution"
993,1816,Bussa's Rebellion
994,1816,Bombardment of Algiers
995,1816,Luso-Brazilian conquest of the Banda Oriental
996,1816,Afaqi Khoja revolts
997,1817,Pernambucan Revolt
998,1817,Pentrich rising
999,1817,Third Anglo-Maratha War
1000,1817,"First Seminole War_x000D_
Part of the Seminole Wars"
1001,1817,Uva Rebellion
1002,1817,Ndwandwe–Zulu War
1003,1817,Burmese invasions of Assam
1004,1817,Caucasian War
1005,1818,Fifth Xhosa War
1006,1818,Zulu wars of conquest
1007,1819,"Bolívar's campaign to liberate New Granada_x000D_
Part of the Venezuelan War of Independence"
1008,1819,Chuguev uprising
1009,1820,Revolution of 1820
1010,1820,Cambodian rebellion (1820)
1011,1820,Ali Pasha's Revolt
1012,1820,"Ecuadorian War of Independence_x000D_
Part of the Spanish American wars of independence"
1013,1820,Trienio Liberal
1014,1820,Texas–Indian wars
1015,1821,Siamese invasion of Kedah
1016,1821,Ijebu and Ife war against Owu
1017,1821,Wallachian uprising (1821)
1018,1821,Niš Rebellion (1821)
1019,1821,Ottoman–Persian War (1821–23)
1020,1821,Greek War of Independence
1021,1821,Padri War
1022,1821,Spanish attempts to reconquer Mexico
1023,1821,Comanche–Mexico Wars
1024,1821,1821 Alghero revolt
1025,1822,Casa Mata Plan Revolution
1026,1822,Brazilian War of Independence
1027,1822,Haitian occupation of Santo Domingo
1028,1823,Hundred Thousand Sons of Saint Louis
1029,1823,Ochomogo War
1030,1823,Demerara rebellion of 1823
1031,1823,Expedition to the West Coast of Borneo
1032,1823,Revolt of Querétaro
1033,1823,First Anglo-Ashanti War
1034,1823,First Greek civil war
1035,1824,Chumash revolt of 1824
1036,1824,Bathurst War
1037,1824,Confederation of the Equator Revolt
1038,1824,First Bone War
1039,1824,April Revolt
1040,1824,Second Greek civil war
1041,1824,First Anglo-Burmese War
1042,1825,Uprising in the Yamal tundra[ru]
1043,1825,Second Bone War
1044,1825,Battle of Tripoli (1825)
1045,1825,Aegean Sea Anti-Piracy Operations of the United States
1046,1825,Decembrist revolt
1047,1825,Cisplatine War
1048,1825,Java War
1049,1825,Franco-Trarzan War of 1825
1050,1826,Kurdish revolt of 1826–1837
1051,1826,First Central American Civil War
1052,1826,"Russo-Persian War (1826–28)_x000D_
Part of the Russo-Persian Wars"
1053,1826,Chernigov Regiment revolt
1054,1826,Siamese-Lao War
1055,1827,1827 Honduran coup d'état
1056,1827,Winnebago War
1057,1828,1828 Peruvian intervention in Bolivia[es]
1058,1828,Gran Colombia–Peru War
1059,1828,Irish and German Mercenary Soldiers' Revolt
1060,1828,Bombardment of Tripoli (1828)
1061,1828,Liberal Wars
1062,1828,Russo-Turkish War (1828–29)
1063,1828,Black War
1064,1829,Austrian expedition against Morocco (1829)
1065,1829,Chilean Civil War of 1829–30
1066,1829,Anglo-Khasi War
1067,1830,Freiämtersturm
1068,1830,"July Revolution_x000D_
French Revolution of 1830"
1069,1830,November Uprising
1070,1830,Belgian Revolution
1071,1830,French conquest of Algeria
1072,1830,Port Phillip District Wars
1073,1831,Dutch expedition on the west coast of Sumatra
1074,1831,Merthyr Rising
1075,1831,Turner's Rebellion
1076,1831,Siamese–Vietnamese War (1831–34)
1077,1831,Baptist War
1078,1831,Naning War
1079,1831,Egyptian–Ottoman War (1831–33)
1080,1831,Yagan Resistance
1081,1831,Bosnian Uprising (1831–32)
1082,1832,Black Hawk War
1083,1832,June Rebellion
1084,1833,Desert Campaign (1833–34)
1085,1833,Lê Văn Khôi revolt
1086,1833,Albanian Revolts of 1833–39
1087,1833,First Carlist War
1088,1834,Peruvian civil war of 1834
1089,1834,Coorg War
1090,1834,Priest Jovica's Rebellion
1091,1834,Peasants' Revolt of 1834 (Palestine)
1092,1834,Battle of Pinjarra
1093,1834,Sixth Xhosa War
1094,1835,1835–58 revolt in Ottoman Tripolitania
1095,1835,Revolution of the Reforms[es]
1096,1835,Salaverry-Santa Cruz War
1097,1835,League War
1098,1835,Malê Revolt
1099,1835,Zacatecas Rebellion
1100,1835,Texas Revolution
1101,1835,"Second Seminole War_x000D_
Part of the Seminole Wars"
1102,1835,Ragamuffin War
1103,1835,Cabanagem
1104,1836,Posavina rebellion (1836)
1105,1836,Belogradchik rebellion (1836)
1106,1836,Berkovitsa rebellion (1836)
1107,1836,Pirot rebellion
1108,1836,War of the Confederation
1109,1837,Siege of Herat (1838) Afghan-Persian War
1110,1837,Revolt of 1837 (New Mexico)
1111,1837,Sabinada
1112,1837,"Lower Canada Rebellion_x000D_
Part of the Rebellions of 1837"
1113,1837,"Upper Canada Rebellion_x000D_
Part of the Rebellions of 1837"
1114,1837,Dutch–Ahanta War
1115,1837,Kenesary's Kazakh uprising
1116,1838,Muhammad Ali's Yemeni Expedition Part of the Yemeni–Ottoman Conflicts
1117,1838,Battle of Blood River
1118,1838,Mormon War
1119,1838,Balaiada
1120,1838,Pastry War
1121,1839,Newport Rising
1122,1839,Züriputsch
1123,1839,Egyptian–Ottoman War (1839–41)
1124,1839,Khivan campaign of 1839
1125,1839,War of the Supremes
1126,1839,First Anglo-Afghan War
1127,1839,First Opium War
1128,1839,Albanian Revolt of 1847
1129,1839,Uruguayan Civil War
1130,1840,Cambodian rebellion (1840)
1131,1840,Eumerella Wars
1132,1841,Niš Rebellion (1841)
1133,1841,1841 rebellion in Guria
1134,1841,Siamese–Vietnamese War (1841–45)
1135,1841,Sino-Sikh War
1136,1842,Kurdish revolt of 1842–1847
1137,1842,Shoorcha rebellion
1138,1842,Russian Conquest of Bukhara
1139,1842,Mier expedition
1140,1843,Peruvian civil war of 1843–1844
1141,1843,Albanian Revolt of 1843–44
1142,1843,"Wairau Affray_x000D_
Part of the New Zealand Wars"
1143,1843,Battle of One Tree Hill
1144,1844,Dominican War of Independence
1145,1844,Franco-Moroccan War
1146,1844,Franco-Tahitian War
1147,1845,Albanian Revolt of 1845
1148,1845,First Anglo-Sikh War
1149,1845,"Flagstaff War_x000D_
Northern War_x000D_
Part of the New Zealand Wars"
1150,1846,Peasant uprising of 1846[es]
1151,1846,Revolution of Maria da Fonte
1152,1846,"Hutt Valley Campaign_x000D_
Part of the New Zealand Wars"
1153,1846,Kraków uprising
1154,1846,Galician slaughter
1155,1846,Dutch intervention in Northern Bali (1846)
1156,1846,Revolt of the Faitiões
1157,1846,Patuleia
1158,1846,Seventh Xhosa War
1159,1846,"Second Carlist War_x000D_
War of the Madrugadores"
1160,1846,Mexican–American War
1161,1846,"Wanganui Campaign_x000D_
Part of the New Zealand Wars"
1162,1847,Sonderbund War
1163,1847,Sierra Gorda Rebellion
1164,1847,Cayuse War
1165,1847,Caste War of Yucatán
1166,1847,Operations against the Baizai (1847)
1167,1848,Venezuelan Civil War of 1848–1849[es]
1168,1848,Revolutions of 1848 in the Italian states
1169,1848,Greater Poland Uprising (1848)
1170,1848,French Revolution of 1848
1171,1848,Revolutions of 1848 in the German states
1172,1848,"Baden Revolution _x000D_
Part of the Revolutions of 1848 in the German states"
1173,1849,"May Uprising in Dresden _x000D_
Part of the Revolutions of 1848 in the German states"
1174,1849,"Palatine uprising _x000D_
Part of the Revolutions of 1848 in the German states"
1175,1848,Revolutions of 1848 in the Habsburg areas
1176,1848,Wallachian Revolution of 1848
1177,1848,Sicilian revolution of independence of 1848
1178,1848,Dutch intervention in Northern Bali (1848)
1179,1848,Matale rebellion
1180,1848,First Italian War of Independence
1181,1848,Second Anglo-Sikh War
1182,1848,Hungarian War of Independence
1183,1848,Serb Uprising of 1848–49
1184,1848,Praieira revolt
1185,1848,Slovak Uprising of 1848–49
1186,1848,"First Schleswig War_x000D_
The Three Years' War"
1187,1849,Dutch intervention in Bali (1849)
1188,1849,Yemeni Expedition of 1849 Part of the Yemeni–Ottoman Conflicts
1189,1849,Burmese–Siamese War (1849–55)
1190,1849,Apache Wars
1191,1849,Operations against the Baizai (1849)
1192,1850,Soninke-Marabout War (1850–1856)
1193,1850,Taiping Rebellion
1194,1850,Eighth Xhosa War
1195,1851,1851 Chilean Revolution
1196,1851,Bombardment of Salé
1197,1851,1851 French coup d'état
1198,1851,Platine War
1199,1851,Palembang Highlands Expeditions
1200,1851,California Indian Wars
1201,1851,Nian Rebellion
1202,1852,Kautokeino rebellion
1203,1852,Second Anglo-Burmese War
1204,1852,Montenegrin–Ottoman War (1852–53)
1205,1852,Herzegovina Uprising (1852–62)
1206,1853,Rebellion of Barquisimeto[es]
1207,1853,Crimean War
1208,1854,1854 Macedonian rebellion
1209,1854,Expedition against the Chinese in Montrado
1210,1854,Epirus Revolt of 1854
1211,1854,Revolution of Ayutla
1212,1854,Miao Rebellion (1854–73)
1213,1854,French conquest of Senegal
1214,1854,Red Turban Rebellion (1854–56)
1215,1854,Bleeding Kansas
1216,1855,Kurdish revolt of 1855
1217,1855,First Fiji Expedition
1218,1855,Nepalese–Tibetan War
1219,1855,Santhal rebellion
1220,1855,Yakima War
1221,1855,Rogue River Wars
1222,1855,Battle of Ash Hollow
1223,1855,Puget Sound War
1224,1855,"Third Seminole War_x000D_
part of the Seminole Wars"
1225,1855,Nias Expedition
1226,1855,Punti-Hakka Clan Wars
1227,1856,Peruvian civil war of 1856–1858
1228,1856,Filibuster War
1229,1856,Khost rebellion (1856–1857)
1230,1856,Campaign of 1856–57
1231,1856,Battle of Tres Forcas
1232,1856,"Second Opium War_x000D_
Arrow War"
1233,1856,Anglo-Persian War
1234,1856,"Panthay Rebellion_x000D_
Du Wenxiu Rebellion"
1235,1856,1857 Cheyenne Expedition
1236,1857,"Indian Rebellion of 1857_x000D_
India's First War of Independence"
1237,1857,Utah War
1238,1857,Ecuadorian–Peruvian War (1857–1860)
1239,1857,Reform War
1240,1857,Cibaenian Revolution
1241,1857,Pahang Civil War
1242,1858,March Revolution (Venezuela)[es]
1243,1858,Mahtra War
1244,1858,Coeur d'Alene War
1245,1858,Fraser Canyon War
1246,1858,Pecija's First Revolt
1247,1858,Cochinchina Campaign
1248,1859,Indigo revolt
1249,1859,Second Fiji Expedition
1250,1859,Second Italian War of Independence
1251,1859,Revolution of 1859
1252,1859,Pig War
1253,1859,Hispano-Moroccan War (1859–60)
1254,1859,Banjarmasin War
1255,1859,Federal War
1256,1859,1859 Perugia uprising
1257,1860,Expedition of the Thousand
1258,1860,Portugal–Angoche conflict
1259,1860,1860 Mount Lebanon civil war
1260,1860,Paiute War
1261,1860,"First Taranaki War_x000D_
Second Maori War_x000D_
Part of New Zealand Wars"
1262,1860,Colombian Civil War (1860–62)
1263,1860,Barasa–Ubaidat War
1264,1861,Occupation of Araucanía
1265,1861,American Civil War
1266,1861,"French intervention in Mexico_x000D_
Also known as Franco-Mexican War"
1267,1862,Dakota War of 1862
1268,1862,"Dungan Revolt (1862–77)_x000D_
Muslim Rebellion"
1269,1863,Ecuadorian–Colombian War
1270,1863,"Battle of Shimonoseki Straits_x000D_
Part of the Japanese Civil War"
1271,1863,"Bombardment of Kagoshima_x000D_
Anglo-Satsuma War_x000D_
Part of the Japanese Civil War"
1272,1863,"Shimonoseki Campaign_x000D_
Part of the Japanese Civil War"
1273,1863,Ambela Campaign
1274,1863,"Invasion of Waikato_x000D_
Part of New Zealand Wars"
1275,1863,Second Anglo-Ashanti War
1276,1863,Dominican Restoration War
1277,1863,January Uprising
1278,1863,Colorado War
1279,1863,"Second Taranaki War_x000D_
Part of New Zealand Wars"
1280,1864,"Kinmon Incident and First Chōshū expedition_x000D_
Part of the Japanese Civil War"
1281,1864,"Second Schleswig War_x000D_
Second Danish-German War"
1282,1864,"Battle of Dybbøl_x000D_
Part of Second Schleswig War"
1283,1864,"Tauranga Campaign_x000D_
Part of the New Zealand Wars"
1284,1864,Uruguayan War
1285,1864,Mejba Revolt
1286,1864,"Mito Rebellion_x000D_
Kanto insurrection_x000D_
Part of the Japanese Civil War"
1287,1864,Bhutan War
1288,1864,Conquest of Tashkent[ru]
1289,1864,Chincha Islands War
1290,1864,Snake War
1291,1864,Pasoemah Expedition
1292,1864,Paraguayan War
1293,1865,Peruvian civil war of 1865
1294,1865,Saudi Civil War
1295,1865,Black Hawk War (1865–72)
1296,1865,Powder River Expedition (1865)
1297,1865,Morant Bay rebellion
1298,1865,Hualapai War
1299,1865,Seqiti War
1300,1865,"East Cape War_x000D_
Part of the New Zealand Wars"
1301,1865,Russo-Bukharan Wars
1302,1865,Haw wars
1303,1866,"Second Chōshū expedition_x000D_
Summer War"
1304,1866,"Austro-Prussian War_x000D_
Seven Weeks War_x000D_
German Civil War"
1305,1866,"Third Italian War of Independence_x000D_
Part of the Austro-Prussian War"
1306,1866,Red Cloud's War
1307,1866,Baikal Insurrection
1308,1866,Cretan Revolt (1866–69)
1309,1866,"French campaign against Korea (1866)_x000D_
Byeongin Western invasion"
1310,1866,1867 Macedonian rebellion
1311,1867,Peruvian civil war of 1867
1312,1867,La Genuina[es]
1313,1867,Blue revolution (Venezuela)[es]
1314,1867,Andaman Islands Expedition
1315,1867,Comanche Campaign
1316,1867,Qatari–Bahraini War
1317,1867,"Klang War_x000D_
Selangor Civil War"
1318,1868,Six Years' War
1319,1868,Glorious Revolution (Spain)
1320,1868,Grito de Lares
1321,1868,"Titokowaru's War_x000D_
Part of the New Zealand Wars"
1322,1868,"Boshin War_x000D_
War of the Year of the Dragon_x000D_
Part of the Japanese Civil War"
1323,1868,British Expedition to Abyssinia
1324,1868,"Te Kooti's War_x000D_
Part of the New Zealand Wars"
1325,1868,"Ten Years' War_x000D_
Great War"
1326,1869,Haitian Revolution of 1869
1327,1869,1869 uprising in Krivošije
1328,1869,Red River Rebellion
1329,1870,Kirk–Holden war
1330,1870,Al-Hasa Expedition
1331,1870,Aday uprising (1870)[ru]
1332,1870,Franco-Prussian War
1333,1870,Revolution of the Lances
1334,1870,Sheep Wars
1335,1870,Kalkadoon Wars
1336,1871,French Civil War of 1871
1337,1871,United States expedition to Korea
1338,1871,Nukapu Expedition
1339,1872,Dembos War (1872–1873)
1340,1872,Yemeni Expedition of 1872 Part of the Yemeni–Ottoman Conflicts
1341,1872,Third Carlist War
1342,1872,"Modoc War_x000D_
Lava Beds War"
1343,1873,Khivan campaign of 1873
1344,1873,Aceh War
1345,1873,Revolt of the Muckers
1346,1873,Pabna Peasant Uprisings
1347,1873,Third Anglo-Ashanti War
1348,1873,Colfax County War
1349,1873,Cantonal Revolution
1350,1874,Brooks–Baxter War
1351,1874,Saga Rebellion
1352,1874,Japanese invasion of Taiwan (1874)
1353,1874,Red River War
1354,1874,Ethiopian–Egyptian War
1355,1875,Ganghwa Island incident
1356,1875,Las Cuevas War
1357,1875,Perak War
1358,1875,Mason County War
1359,1876,Shinpuren Rebellion
1360,1876,Razlovtsi insurrection
1361,1876,April Uprising
1362,1876,Akizuki Rebellion
1363,1876,Hagi Rebellion
1364,1876,Colombian Civil War of 1876
1365,1876,"Great Sioux War of 1876_x000D_
Black Hills War"
1366,1876,Qing reconquest of Xinjiang
1367,1876,"Montenegrin–Ottoman War (1876–78)_x000D_
Part of the Great Eastern Crisis"
1368,1877,Angoche Civil War
1369,1877,Nez Perce War
1370,1877,Satsuma Rebellion
1371,1877,San Elizario Salt War
1372,1877,Ninth Xhosa War
1373,1877,Russo-Turkish War (1877–78)
1374,1877,Cheyenne War
1375,1878,Bannock War
1376,1878,Austro-Hungarian campaign in Bosnia and Herzegovina in 1878
1377,1878,Kanak Revolt
1378,1878,Lincoln County War
1379,1878,Kumanovo Uprising
1380,1878,Epirus Revolt of 1878
1381,1878,1878 Greek Macedonian rebellion
1382,1878,Kresna–Razlog Uprising
1383,1878,Second Anglo-Afghan War
1384,1878,Conquest of the Desert
1385,1878,Nauruan Civil War
1386,1879,Little War (Cuba)
1387,1879,Jementah Civil War
1388,1879,Anglo-Zulu War
1389,1879,Second Sekhukhune War
1390,1879,War of the Pacific
1391,1879,Sheepeater Indian War
1392,1879,Victorio's War
1393,1880,Basuto Gun War
1394,1880,Brsjak Revolt
1395,1880,Kurdish revolt of 1880–1881
1396,1880,First Boer War
1397,1881,Mapuche uprising of 1881
1398,1881,French occupation of Tunisia
1399,1881,Mahdist War
1400,1882,Anglo-Egyptian War
1401,1882,Mandingo Wars
1402,1882,Pleasant Valley War
1403,1883,Ekumeku Movement
1404,1883,Timok Rebellion
1405,1883,First Madagascar expedition
1406,1883,Tonkin Campaign
1407,1884,Peruvian civil war of 1884–1885
1408,1884,Chichibu Incident
1409,1884,Sino-French War
1410,1884,Mandor Rebellion
1411,1885,Vose Uprising[ru]
1412,1885,North-West Rebellion
1413,1885,Serbo-Bulgarian War
1414,1885,Barrios' War of Reunification
1415,1885,Third Anglo-Burmese War
1416,1885,Jambi Uprising
1417,1886,Samoan Civil War
1418,1887,Karonga War
1419,1887,Hawaiian rebellions (1887–95)
1420,1888,1888–1893 Uprisings of Hazaras
1421,1888,Sikkim Expedition
1422,1888,Abushiri Revolt
1423,1889,Ammiyya
1424,1889,Johnson County War
1425,1890,1890s Hamawand revolts
1426,1890,Edi Expedition
1427,1890,Revolution of the Park
1428,1890,First Franco-Dahomean War
1429,1890,Castaic Range War
1430,1895,Colorado Range War
1431,1890,Ghost Dance War
1432,1891,Battle of Mulayda
1433,1891,Yemeni Rebellion of 1891 Part of the Yemeni–Ottoman Conflicts
1434,1891,Hunza-Nagar Campaign
1435,1891,Anglo-Manipur War
1436,1891,Chilean Civil War of 1891
1437,1891,Tomochic Rebellion
1438,1891,Garza Revolution
1439,1891,Semantan War
1440,1891,Bafut Wars
1441,1892,Second Hazara Uprising
1442,1892,Second Franco-Dahomean War
1443,1892,Congo Arab war
1444,1893,Third Hazara Uprising
1445,1893,Battle of Al Wajbah
1446,1893,Franco-Siamese War
1447,1893,Macedonian Struggle
1448,1893,Conquest of the Bornu Empire
1449,1893,First Melillan campaign
1450,1893,First Matabele War
1451,1893,Revolta da Armada
1452,1893,Federalist Revolution
1453,1894,Peruvian civil war of 1894–1895
1454,1894,Malaboch War
1455,1894,1894 Sasun rebellion
1456,1894,Revolution of the 44
1457,1894,Donghak Peasant Revolution
1458,1894,First Sino-Japanese War
1459,1894,Second Madagascar expedition
1460,1894,Jandamarra Guerilla War
1461,1894,Mat Salleh Rebellion
1462,1895,Japanese invasion of Taiwan (1895)
1463,1895,Dungan revolt (1895–96)
1464,1895,Zeitun Rebellion (1895–96)
1465,1895,Menalamba rebellion
1466,1895,Fourth Anglo-Ashanti War
1467,1895,First Italo-Ethiopian War
1468,1895,Cuban War of Independence
1469,1896,1896–1897 Greek Macedonian rebellion
1470,1896,Defense of Van (1896)
1471,1896,Khaua-Mbandjeru Rebellion
1472,1896,"Anglo-Zanzibar War_x000D_
The shortest war in history"
1473,1896,War of Canudos
1474,1896,Batetela Rebellion
1475,1896,Second Matabele War
1476,1896,Philippine Revolution
1477,1897,"Greco-Turkish War (1897)_x000D_
The Thirty Days' War"
1478,1897,Intentona de Yauco
1479,1897,Benin Expedition of 1897
1480,1897,Tirah Campaign
1481,1898,1898 Baloch uprising
1482,1888,Abushiri revolt
1483,1898,Andijan uprising of 1898
1484,1898,Spanish–American War
1485,1898,Negros Revolution
1486,1898,Federal Revolution of 1899
1487,1898,Second Samoan Civil War
1488,1898,1898 Baloch uprising
1489,1898,Voulet-Chanoine Mission
1490,1899,Rabih War
1491,1899,Fulbe war[Wikidata] (See Battle of Maroua–Miskin)
1492,1899,Boxer Rebellion
1493,1899,Second Boer War
1494,1899,Thousand Days' War
1495,1899,Philippine–American War
1496,1899,Acre War
1497,1900,1900–1905 phase of the Mat Salleh Rebellion
1498,1900,Somaliland Campaign
1499,1900,War of the Golden Stool
1500,1900,Zande resistance
1501,1900,Muhammad Umar Khan's rebellion
1502,1900,Bastaard uprising of 1900
1503,1900,1900 Hamawand revolt
1504,1900,1900 Sudan revolt
1505,1900,French conquest of Borno
1506,1900,Unrest in Java
1507,1900,1900–1903 uprising in southwest Madagascar
1508,1900,Shoubak revolt of 1900
1509,1900,Sharjah conquest of Ras Al Khaimah
1510,1900,Russian invasion of Manchuria
1511,1900,Huizhou Uprising
1512,1900,Mahsud Waziri blockade
1513,1900,Kuwaiti–Rashidi war
1514,1901,Risings among the Agar Dinka
1515,1901,Bastaard uprising of 1901
1516,1901,Subjugation of Jambi
1517,1901,French conquest of the Dendi Kingdom
1518,1901,Revolución Libertadora[es]
1519,1901,Anglo-Aro War
1520,1901,Battle of Holy Apostles Monastery
1521,1901,1901 Mapondera Rebellion
1522,1901,Holy Man's Rebellion
1523,1902,Kala-i-Mor railway worker's revolt
1524,1902,1902 Sudan revolt
1525,1902,Merauke uprising
1526,1902,Kuanhama Rebellion of 1902-1904
1527,1902,Bailundo Revolt of 1902
1528,1902,Venezuelan crisis of 1902–03
1529,1902,Kabul Khel expedition
1530,1902,Expeditions against the Bantin (Location: Kalimantan)
1531,1902,Korintji expeditions (Location: Sumatra)
1532,1902,Campaigns against Dayak (Location: Kalimantan)
1533,1902,Italian–Ottoman crisis of 1902
1534,1903,Great Ming Uprising
1535,1903,1903 Tegale uprising
1536,1903,1903 uprising in Bukhara
1537,1903,Risings among the Atwot Dinka
1538,1903,Rijal al-Ma rebellion
1539,1903,Kavango uprising
1540,1903,Actions on Yapen
1541,1903,Resistance in Minangkabau
1542,1903,Mentawei islands campaign
1543,1903,Military actions in Flores and Solor
1544,1903,Kerinci Expedition
1545,1903,Battle of Jo-Laban
1546,1905,Theriso revolt
1547,1903,May Coup (Serbia)
1548,1903,Ilinden–Preobrazhenie Uprising
1549,1903,British expedition to Tibet
1550,1903,British conquest of the Sokoto Caliphate
1551,1903,British conquest of the Kano Emirate
1552,1903,Saudi–Rashidi War Part of the Unification of Saudi Arabia
1553,1903,Uprising of Namas in Maltahöhe
1554,1903,Bondelswarts uprising of 1904
1555,1904,Adam Wad Muhammad's uprising
1556,1904,Mahsud expedition of 1904
1557,1904,1904 Ondonga uprising
1558,1904,1904 Nama uprising
1559,1904,1904 Sudan revolt
1560,1904,Campaign in the Gajo and Alas islandsPart of the Aceh War
1561,1904,Dutch intervention in Bali (1904)
1562,1904,Resistance on Tidore
1563,1904,Sulawesi expeditions
1564,1904,1904–1905 uprising in Madagascar
1565,1904,Portuguese campaign against the Ovambo (See Battle of Mufilo)
1566,1904,Vaccine Revolt
1567,1904,Revolution of 1904
1568,1904,1904 Sasun uprising
1569,1904,Herero Wars
1570,1904,Russo-Japanese War
1571,1904,Yemeni Rebellion of 1904 Part of the Yemeni–Ottoman Conflicts
1572,1904,Macedonian Struggle
1573,1905,Ping-liu-li Uprising
1574,1905,Military actions in Onin
1575,1905,Ottoman incursion into Persia
1576,1905,Military actions Sumba and Sumbawa
1577,1905,Persian Constitutional Revolution
1578,1905,Argentine Revolution of 1905
1579,1905,Shoubak Revolt of 1905
1580,1905,Łódź insurrection (1905)
1581,1905,Kurdish rebellion of 1905
1582,1905,1905 Tibetan Rebellion
1583,1905,1905 Russian Revolution
1584,1905,Maji Maji Rebellion
1585,1905,Yemeni Expedition of 1905 Part of the Yemeni–Ottoman Conflicts
1586,1905,South Sulawesi expedition
1587,1906,Taba Crisis of 1906
1588,1906,Resistance in Lombok
1589,1906,Actions against fighters from Jambi in Indragiri (Location: Sumatra)
1590,1906,Ottoman invasion of Persia (1906)
1591,1906,Sokoto Uprising of 1906
1592,1906,1906 Mesopotamia uprising
1593,1906,Dutch intervention in Bali (1906)
1594,1906,Bambatha Rebellion
1595,1907,Campaign against the Mahafaly
1596,1907,Asir rebellion
1597,1907,Dersim uprising of 1907 Part of the Dersim uprisings [tr]
1598,1907,War of 1907
1599,1907,Huanggang Uprising
1600,1907,Huizhou Qinühu Uprising
1601,1907,Anqing Uprising
1602,1907,Qinzhou Uprising
1603,1907,Zhennanguan Uprising
1604,1907,Bitlis uprising (1907)
1605,1907,"Dembos War of 1907-1910_x000D_
More info: Revoltas e Campanhas nos Dembos (1872-1919) (In Portuguese)"
1606,1907,Anti-Foreign Revolt
1607,1907,Mutair revolt
1608,1907,1907 Romanian Peasants' Revolt
1609,1907,Honduran-Nicaraguan War
1610,1907,Beipu uprising
1611,1907,1907 Diyarbakır uprising
1612,1907,Zakka Khel raids on towns and villages in the British Raj
1613,1908,Qin-lian Uprising
1614,1908,Hekou Uprising
1615,1908,Mapaoying Uprising
1616,1908,Bondelswarts rebellion of 1908
1617,1908,Wad Hubaba Revolt
1618,1908,Lobi and Dyula revolt in Mali
1619,1908,Mossi rebellions in Kouddigou and Fada N'gourma
1620,1908,Annam uprising
1621,1908,Mohmand Expedition of 1908 Part of the instability on the North-West Frontier
1622,1908,Bazar Valley campaign
1623,1908,Kurdish uprising of 1908 Part of the Dersim uprisings [tr]
1624,1908,Buraida rebellion
1625,1908,Battle of Marrakech
1626,1908,Mau uprising[de]
1627,1908,Young Turk Revolution
1628,1908,Hamawand rebellion
1629,1908,Dutch intervention in Bali (1908)
1630,1908,Actions in the Toba and Batak islands
1631,1908,Actions in West-Kalimantan
1632,1908,Dutch–Venezuelan crisis of 1908
1633,1909,Nyasaland resistance
1634,1909,Battle of Nias
1635,1909,"Actions on the Halmahera, Seram, Papua and Mentawei islands"
1636,1909,Kurdish uprising of 1909 Part of the Dersim uprisings [tr]
1637,1909,Estrada's rebellion
1638,1909,Kolašin Affair (1909)
1639,1909,Zaraniq rebellion
1640,1909,Crazy Snake Rebellion
1641,1909,Second Melillan campaign
1642,1909,Hauran Druze Rebellion
1643,1909,Ouaddai War
1644,1910,Al-Bejat Revolution
1645,1910,Gengxu New Army Uprising
1646,1910,1910 uprising in Bukhara
1647,1910,Portuguese conquest of the Angoche Sultanate
1648,1910,Uprising of Cape Nguni
1649,1910,Xiong Mi Chang's rebellion
1650,1910,Actions on Ajer HItam and near Timor
1651,1910,Actions in Langkat (Location: Sumatra)
1652,1910,Portuguese conquest of the Kasanje Kingdom
1653,1910,Monégasque Revolution
1654,1910,Battle of Hadia[ar]
1655,1910,Karak Revolt
1656,1910,Bastar rebellion
1657,1910,Albanian Revolt of 1910
1658,1910,5 October 1910 revolution
1659,1910,Chinese expedition to Tibet (1910)
1660,1910,Sokehs Rebellion
1661,1910,Mexican Revolution
1662,1910,"Border War (1910–19)_x000D_
Part of the Mexican Revolution"
1663,1910,Revolts at Moush
1664,1911,Revolts at Khuyt
1665,1911,1911 Kenya revolt
1666,1911,Belitung miner's revolt
1667,1911,Kurdish uprising of 1911 Part of the Dersim uprisings [tr]
1668,1911,Revolt of Salar-al-Daulah
1669,1911,Revolt of Mohammad Ali Shah Qajar
1670,1911,"Magonista rebellion of 1911_x000D_
Part of the Mexican Revolution"
1671,1911,1911 Paraguayan Civil War
1672,1911,"Russian Invasion of Tabriz_x000D_
Part of the Persian Constitutional Revolution"
1673,1911,Albanian Revolt of 1911
1674,1911,Second Guangzhou Uprising
1675,1911,Dominican Civil War (1911–12)
1676,1911,French conquest of Morocco
1677,1911,Italo-Turkish War
1678,1911,East Timorese Rebellion
1679,1911,"Xinhai Revolution_x000D_
1911 Revolution"
1680,1911,War of the Generals
1681,1912,1912 Kordofan uprising
1682,1912,Turkoman Revolt of 1912–1913
1683,1912,Ecuadorian Civil War of 1912–1914
1684,1912,Sirte revolt
1685,1912,Khost rebellion (1912)
1686,1912,First Balkan War
1687,1912,Albanian Revolt of 1912
1688,1912,Contestado War
1689,1912,"United States occupation of Nicaragua_x000D_
Part of the Banana Wars"
1690,1912,Royalist attack on Chaves
1691,1912,"Negro Rebellion_x000D_
Part of the Banana Wars"
1692,1913,1913 uprising in Bukhara
1693,1913,Oyango Dande rebellion
1694,1913,Kurdish revolt of 1913
1695,1913,1913 Euphrates rebellion
1696,1913,Muscat rebellion
1697,1913,Sino–Mongolian War of 1913–1915[fi]
1698,1913,Urtatagai conflict (1913)
1699,1913,Atmene uprising[ru]
1700,1913,Conquest of al-Hasa Part of the Unification of Saudi Arabia
1701,1913,Second Balkan War
1702,1913,"Tikveš Uprising_x000D_
Part of the Second Balkan War"
1703,1913,Ohrid–Debar Uprising
1704,1913,Second Revolution
1705,1913,Bai Lang Rebellion
1706,1914,1914 Kenya revolt
1707,1914,North Java peasant revolt
1708,1914,"Kolongongo War_x000D_
More info: The Mbunda Kingdom in Angola_x000D_
(Section ""Kolongongo war"")"
1709,1914,First Yemeni–Asiri war
1710,1914,"Dersim uprising of 1914_x000D_
Part of the Dersim uprisings[tr]"
1711,1914,Bitlis uprising
1712,1914,Uprising in Barzan
1713,1914,Kongo revolt of 1914
1714,1914,Operations in the Tochi Part of the instability on the North-West Frontier
1715,1914,Revolt of Juazeiro[pt]
1716,1914,Zaian War
1717,1914,Dominican Civil War of 1914
1718,1914,Haitian Civil War
1719,1914,Blayong's uprising
1720,1914,Peasant Revolt in Albania
1721,1914,Truku War
1722,1914,World War I
1723,1914,"United States occupation of Veracruz_x000D_
Part of the Banana Wars"
1724,1914,Bluff War
1725,1914,Ovambo Uprising
1726,1914,Maritz Rebellion
1727,1915,1915 Rehoboth Basters rebellion
1728,1915,Betsileo uprising
1729,1915,Sadiavahe rebellion
1730,1915,Imerina uprising
1731,1915,Kru Coast Rebellion
1732,1915,Botan revolt
1733,1915,Tapani incident
1734,1915,Turkoman Revolt of 1915
1735,1915,Battle of Kanzaan (1915)[ar]
1736,1915,Battle of Jarrab Part of the Unification of Saudi Arabia and World War I
1737,1915,Chilembwe uprising
1738,1915,Bussa rebellion
1739,1915,1915 Singapore Mutiny
1740,1915,Kelantan rebellion
1741,1915,Rundum revolt
1742,1915,Volta-Bani War
1743,1915,"National Protection War_x000D_
Anti-Monarchy War"
1744,1915,"Senussi Campaign_x000D_
Part of World War I"
1745,1915,"United States occupation of Haiti_x000D_
Part of the Banana Wars"
1746,1916,Jambi rebellion
1747,1915,"Operations against the Mohmands, Bunerwals and Swatis in 1915 Part of the instability on the North-West Frontier"
1748,1915,Kalat Operations (1915-16)
1749,1916,Yarahmadzai uprising
1750,1916,Dersim uprising of 1916 Part of the Dersim uprisings [tr]
1751,1916,1916 Kumyk uprising
1752,1916,Mohmand blockade Part of the instability on the North-West Frontier
1753,1916,Cuban Civil War (See Sugar Intervention)
1754,1916,Kaocen Revolt
1755,1916,1916 Cochinchina uprising
1756,1916,Battle of Segale
1757,1916,Noemvriana
1758,1916,Central Asian revolt of 1916
1759,1916,Easter Rising
1760,1916,"United States occupation of the Dominican Republic (1916–24)_x000D_
Part of the Banana Wars"
1761,1916,"Arab Revolt_x000D_
Part of World War I"
1762,1916,"Basmachi movement_x000D_
Part of World War I and Russian Civil War"
1763,1917,Uukwanyama rebellion
1764,1917,1917 Uganda rebellion
1765,1917,Kurdish uprisings of 1917
1766,1917,February Revolution
1767,1917,July Days
1768,1917,Operations against the Mahsuds (1917)
1769,1917,Manchu Restoration
1770,1917,Thái Nguyên uprising
1771,1917,Polubotkivtsi Uprising
1772,1917,Toplica insurrection
1773,1917,1917 Kanak revolt[fr]
1774,1917,Kornilov Affair
1775,1917,Green Corn Rebellion
1776,1917,"October Revolution_x000D_
Part of Russian Civil War"
1777,1917,"Kerensky–Krasnov uprising_x000D_
Part of Russian Civil War"
1778,1917,Russian Civil War
1779,1917,Constitutional Protection Movement
1780,1917,"Ukrainian War of Independence_x000D_
Part of World War I and Russian Civil War"
1781,1917,Ngolok rebellions (1917–49)
1782,1918,"Operations against the Marri and Khetran tribes (1918)_x000D_
Part of the instability on the North-West Frontier"
1783,1918,Adubi War
1784,1918,Simko Shikak revolt (1918–22)
1785,1918,"Judenburg mutiny_x000D_
Part of World War I"
1786,1918,"Cattaro Mutiny_x000D_
Part of World War I"
1787,1918,"Aster Revolution_x000D_
Part of World War I"
1788,1918,"Radomir Rebellion_x000D_
Part of World War I"
1789,1918,"Left SR uprising_x000D_
Part of the Russian Civil War"
1790,1918,Finnish Civil War
1791,1918,Georgian–Armenian War
1792,1918,Polish–Czechoslovak border conflicts
1793,1918,Internal conflict in the Banat Republic
1794,1918,Serbian incursion into the Banat Republic
1795,1918,Viena expedition
1796,1918,First Pechenga expedition
1797,1918,Austro-Slovene conflict in Carinthia
1798,1918,German Revolution of 1918–19
1799,1918,Greater Poland Uprising (1918–19)
1800,1918,Hungarian–Czechoslovak War
1801,1918,"Polish–Ukrainian War_x000D_
Part of the Ukrainian War of Independence"
1802,1918,"Georgian–Ossetian conflict (1918–20)_x000D_
Part of the Russian Civil War"
1803,1918,"Sochi conflict_x000D_
Part of the Russian Civil War"
1804,1918,"Armenian–Azerbaijani War_x000D_
Part of the Russian Civil War"
1805,1918,"Estonian War of Independence_x000D_
Part of the Russian Civil War"
1806,1918,"Latvian War of Independence_x000D_
Part of the Russian Civil War"
1807,1918,"Lithuanian–Soviet War_x000D_
Part of the Lithuanian Wars of Independence"
1808,1918,"Al-Khurma dispute_x000D_
Part of the Unification of Saudi Arabia"
1809,1918,War of the Insane
1810,1918,Revolt of the Ingrian Finns
1811,1918,"Franco-Turkish War_x000D_
Part of the Turkish War of Independence"
1812,1919,Second Yemeni–Asiri War
1813,1919,Toli-Toli incident
1814,1919,Garut incident
1815,1919,Punjab Rebellion (See: Amritsar Massacre) Part of the instability on the North-West Frontier
1816,1919,Black Sea mutiny
1817,1919,1919 Royalist uprising in Northern Portugal
1818,1919,Christmas Uprising
1819,1919,"Spartacist uprising_x000D_
Part of the German Revolution of 1918–19"
1820,1919,"Lithuanian War of Independence (War against the Bermontians)_x000D_
Part of the Lithuanian Wars of Independence"
1821,1919,Sejny Uprising
1822,1919,First Barzanji Revolt
1823,1919,"Polish–Czechoslovak War_x000D_
Part of the Polish–Czechoslovak border conflicts"
1824,1919,Khotyn Uprising
1825,1919,Hungarian–Romanian war of 1919
1826,1919,Turkish War of Independence
1827,1919,Third Anglo-Afghan War
1828,1919,Waziristan campaign (1919–1920)
1829,1919,Impresa di Fiume
1830,1919,Italo-Yugoslav War
1831,1919,First Honduran Civil War
1832,1919,Polish–Soviet War
1833,1919,"First Silesian Uprising_x000D_
Part of the Silesian Uprisings"
1834,1919,Aunus expedition
1835,1919,Alawite Revolt of 1919
1836,1919,Irish War of Independence
1837,1919,Kuwait–Najd War
1838,1919,"Greco-Turkish War (1919–1922)_x000D_
Part of the Turkish War of Independence"
1839,1919,Revolts during the Turkish War of Independence
1840,1920,Franco-Syrian War
1841,1920,1920 uprising in Afghanistan
1842,1920,Misurata-Warfalla War
1843,1920,Husino rebellion
1844,1920,1920 Iraqi Revolt
1845,1920,Vlora War
1846,1920,1920–1922 Jabal al-Gharbi civil war
1847,1920,"Polish–Lithuanian War_x000D_
Part of the Lithuanian Wars of Independence"
1848,1920,Kapp Putsch
1849,1920,Ruhr Uprising
1850,1920,"Second Silesian Uprising_x000D_
Part of the Silesian Uprisings"
1851,1920,1920 Georgian coup attempt
1852,1920,May Uprising
1853,1920,"Turkish–Armenian War_x000D_
Part of the Turkish War of Independence"
1854,1920,Zhili–Anhui War Part of the Warlord Era
1855,1920,Second Pechenga expedition
1856,1920,Guangdong–Guangxi War Part of the Warlord Era
1857,1920,"Dagestan Uprising_x000D_
Part of the Russian Civil War"
1858,1920,Rif War
1859,1920,1920 Upper Asir conflict
1860,1921,1921 Khorosan rebellion
1861,1921,Kurdish uprising of Autumn 1921
1862,1921,Waziristan campaign (1921–1924)
1863,1921,Anti-fascist uprising in Albona
1864,1921,"Red Army invasion of Georgia_x000D_
Part of the Russian Civil War"
1865,1921,"Kronstadt rebellion_x000D_
Part of the Russian Civil War"
1866,1921,"February Uprising_x000D_
Part of the Russian Civil War"
1867,1921,Coto War
1868,1921,"Battle of Mountainous Armenia_x000D_
Part of the Russian Civil War"
1869,1921,March Action
1870,1921,"Third Silesian Uprising_x000D_
Part of the Silesian Uprisings"
1871,1921,"Mongolian Revolution of 1921_x000D_
Part of Russian Civil War"
1872,1921,Charles I of Austria's attempts to retake the throne of Hungary
1873,1921,Uprising in West Hungary
1874,1921,Malabar rebellion
1875,1921,1921 Persian coup d'etat
1876,1921,Conquest of Ha'il
1877,1921,"East Karelian Uprising and Soviet–Finnish conflict 1921–22_x000D_
Part of Russian Civil War"
1878,1921,Rand Rebellion
1879,1921,Kura Rebellion
1880,1921,Ikhwan attack on Najran
1881,1922,18 of the Copacabana Fort revolt
1882,1922,1922 bombardment of Yemen
1883,1922,Ikhwan raids on Transjordan
1884,1922,Bondelswarts Rebellion
1885,1922,San rebellion
1886,1922,1922 Uukwambi revolt
1887,1922,First Zhili–Fengtian War Part of the Warlord Era
1888,1922,Rampa Rebellion of 1922
1889,1922,11 September 1922 Revolution
1890,1922,Irish Civil War
1891,1922,Paraguayan Civil War (1922)
1892,1922,Sheikh Khazal rebellion Part of the Arab separatism in Khuzestan
1893,1922,Second Barzanji Revolt
1894,1922,Tenente revolts
1895,1923,Aden Protectorate Insurgency
1896,1923,Alizai rebellion of 1923
1897,1923,Corfu incident
1898,1923,Guna revolution[es]
1899,1923,De la Huerta Rebellion[es]
1900,1923,June Uprising
1901,1923,Leonardopoulos–Gargalidis coup d'état attempt
1902,1923,Adwan Rebellion
1903,1923,Posey War
1904,1923,Hamburg Uprising
1905,1923,Beer Hall Putsch
1906,1923,Klaipėda Revolt
1907,1923,September Uprising
1908,1923,Pacification of Libya
1909,1923,Arab separatism in Khuzestan
1910,1924,Chechen uprising of 1924
1911,1924,Turkoman Rebellion in Eastern Iran
1912,1924,Paulista Revolt of 1924
1913,1924,Beytussebab rebellion
1914,1924,Zazejskie uprising[ru]
1915,1924,Second Honduran Civil War
1916,1924,Khost rebellion (1924–1925)
1917,1924,1924–1928 Saqqawist insurgency in Afghanistan Escalated into the Afghan Civil War
1918,1924,Vaalgras revolt
1919,1924,August Uprising
1920,1924,Tungus uprising[ru]
1921,1924,June Revolution
1922,1924,1924 Estonian coup d'état attempt
1923,1924,Tatarbunary Uprising
1924,1924,Saudi conquest of Hejaz
1925,1924,Nestorian rebellion
1926,1924,Second Zhili–Fengtian War Part of the Warlord Era
1927,1924,Third Yemeni–Asiri War
1928,1924,First Asiri Civil War
1929,1925,1925 Rehoboth Basters rebellion
1930,1925,Incident at Petrich
1931,1925,Sheikh Said rebellion
1932,1925,Pink's War
1933,1925,Raçkotan and Raman pacifying operations
1934,1925,Sason rebellion
1935,1925,Zaraniq rebellion (1925–1929)
1936,1925,Great Syrian Revolt
1937,1925,Anti-Fengtian War Part of the Warlord Era
1938,1925,Urtatagai conflict
1939,1925,Second Asiri Civil war
1940,1926,Asiri tribal revolts of 1926
1941,1926,Tarimese Civil War
1942,1926,1926 Simko Shikak revolt
1943,1926,Nicaraguan civil war (1926-1927)
1944,1926,Northern Expedition Part of the Warlord Era
1945,1926,Cristero War
1946,1926,1926 Communist Revolt in Indonesia
1947,1927,1927 Nuer uprising
1948,1927,Ararat rebellion
1949,1927,Ikhwan Revolt
1950,1927,1927 Kurdish rebellions
1951,1927,Ikhwan raid on Busayya Part of the Ikhwan revolt
1952,1927,Chinese Civil War
1953,1928,Persian conquest of West Baluchistan
1954,1928,Hamed bin Rafda's rebellion[ar]
1955,1928,Haji Abdul Rahman Limbong's rebellion
1956,1928,Afghan Civil War (1928–1929)
1957,1928,Kongo-Wara rebellion
1958,1929,Kazakh revolts (1929-1931)[ru]
1959,1929,Escobar Rebellion
1960,1929,1929 Basmachi border raids on the Soviet Union
1961,1929,Chiang-Gui War Part of the Warlord Era
1962,1929,Afghan campaign of the Red Army (1929)
1963,1929,Sino-Soviet conflict (1929)
1964,1929,Alakat Uprising[ru]
1965,1929,1929 Kurdish rebellions
1966,1929,Anti-Saqqawist campaigns in Kuhdaman and Herat
1967,1929,Women's War
1968,1929,Antananarivo uprising
1969,1929,Persian tribal uprisings of 1929
1970,1929,Nejd Civil War
1971,1930,Port Bergé rebellion
1972,1930,Shinwari rebellion
1973,1930,1930 Kurdish rebellions
1974,1930,Afridi Redshirt Rebellion
1975,1930,Kuhistan rebellion (February–April 1930)
1976,1930,Uprising of the Nghệ-Tĩnh Soviets
1977,1930,Hnov uprising[ru]
1978,1930,Tugsbuyant uprising[ru]
1979,1930,Muromtsevsky uprising[ru]
1980,1930,Khorinskoe uprising[ru]
1981,1930,Kuhistan rebellion (July 1930)
1982,1930,Yen Bai mutiny
1983,1930,"Central Plains War_x000D_
Part of the Warlord Era"
1984,1930,Chittagong armoury raid
1985,1930,Gugsa Wale's Rebellion
1986,1930,Nghe-Tinh Revolt
1987,1930,Saya San Rebellion
1988,1930,Afghan campaign of the Red Army (1930)
1989,1930,Sino-Tibetan War
1990,1930,Brazilian Revolution of 1930
1991,1930,Wushe Rebellion
1992,1931,Idrisid Emirate Rebellion[ar]
1993,1931,1931 Saudi–Yemeni border skirmish
1994,1931,Flour Revolt[pt]
1995,1931,Uranian peasant uprising[ru]
1996,1931,1931 Cyprus Revolt
1997,1931,Jafar Sultan revolt
1998,1931,Norte Grande insurrection
1999,1931,Chilean naval mutiny of 1931
2000,1931,Najran conflict
2001,1931,Japanese invasion of Manchuria
2002,1931,Ahmed Barzani revolt
2003,1931,Kumul Rebellion
2004,1932,Uukwambi uprising
2005,1932,Annexation of Jimma
2006,1932,Lesko uprising
2007,1932,Constitutionalist Revolution
2008,1932,Ecuadorian Civil War
2009,1932,January 28 Incident
2010,1932,Chechen uprising of 1932[ru]
2011,1932,Two-Liu War Part of the Warlord Era
2012,1932,1932 armed uprising in Mongolia
2013,1932,Kirghiz rebellion
2014,1932,1932 Salvadoran peasant uprising
2015,1932,Sanjurjada
2016,1932,Leticia Incident
2017,1932,Chaco War
2018,1932,Darre Khel revolt
2019,1932,Emu War
2020,1932,Soviet–Japanese border conflicts
2021,1933,1933 Mohmand revolt in Afghanistan
2022,1933,Crazy Fakir's rebellion
2023,1933,Actions in Inner Mongolia (1933–1936)
2024,1933,Boworadet Rebellion
2025,1933,Kazym rebellion
2026,1933,Anarchist uprising in Spain (1933)
2027,1933,De Zeven Provinciën Mutiny
2028,1934,Second Cristero War[es]
2029,1934,Asturian Revolution
2030,1934,Mandalada[ru]
2031,1934,Soviet invasion of Xinjiang
2032,1934,Austrian Civil War
2033,1934,July Putsch
2034,1934,Events of 6 October
2035,1934,1934 Khamba Rebellion
2036,1934,Saudi–Yemeni War
2037,1935,Narrenrevolte[de]
2038,1935,Mohmand campaign of 1935
2039,1935,May 2 uprising
2040,1935,1935 Yazidi revolt
2041,1935,Goharshad Mosque rebellion
2042,1935,1935 Greek coup d'état attempt
2043,1935,1935–36 Iraqi Shia revolts
2044,1935,Brazilian uprising of 1935
2045,1935,Second Italo-Ethiopian War
2046,1936,1936 Iraqi coup d'état
2047,1936,Scythe Cross rebellion
2048,1936,1936 Naval Revolt (Portugal)
2049,1936,February 26 Incident
2050,1936,1936–1939 Arab revolt in Palestine
2051,1936,Spanish Civil War
2052,1936,Waziristan campaign (1936–1939)
2053,1937,Katawz rebellion
2054,1937,Afghan tribal revolts of 1937
2055,1937,Islamic rebellion in Xinjiang (1937)
2056,1937,Dieu Python movement
2057,1937,Dersim Rebellion
2058,1937,"Second Sino-Japanese War_x000D_
Part of World War II"
2059,1938,Brazilian Integralist uprising of 1938[pt]
2060,1938,Afghan tribal revolts of 1938
2061,1938,1938 Greek coup d'état attempt
2062,1938,Sudeten German uprising
2063,1939,Hungarian Invasion of the Carpatho-Ukraine
2064,1939,Slovak–Hungarian War
2065,1939,Maquis insurgency
2066,1939,Italian invasion of Albania
2067,1939,World War II
2068,1939,1939 Ondonga uprising
2069,1939,"Winter War_x000D_
Part of World War II"
2070,1940,1940–1944 insurgency in Chechnya Part of World War II and the Chechen–Russian conflict
2071,1940,"Czortków uprising_x000D_
Part of World War II"
2072,1940,"Soviet occupation of the Baltic states (1940)_x000D_
Part of World War II"
2073,1940,"Soviet occupation of Bessarabia and Northern Bukovina_x000D_
Part of World War II"
2074,1940,"Franco-Thai War_x000D_
Part of World War II"
2075,1941,Legionnaires' Rebellion
2076,1941,Ecuadorian–Peruvian War
2077,1941,"Anglo-Iraqi War_x000D_
Part of World War II"
2078,1941,"Continuation War_x000D_
Part of World War II"
2079,1941,Hama Rashid revolt
2080,1941,"June 1941 uprising in eastern Herzegovina_x000D_
Part of World War II"
2081,1941,"Uprising in Serbia (1941)_x000D_
Part of World War II"
2082,1942,Hukbalahap Rebellion
2083,1943,1943 Khuzestan revolt
2084,1943,1943 Barzani revolt
2085,1943,"Italian Civil War_x000D_
Part of World War II"
2086,1943,Woyane rebellion
2087,1943,"Jesselton revolt_x000D_
Part of World War II"
2088,1943,Ukrainian Insurgent Army insurgency
2089,1944,Palm Sunday Coup
2090,1944,1944–1945 Insurgency in Balochistan
2091,1944,Afghan tribal revolts of 1944–1947
2092,1944,"Lapland War_x000D_
Part of World War II"
2093,1944,Anti-communist resistance in Poland (1944-1946)
2094,1944,Jewish insurgency in Palestine
2095,1944,Luluabourg and Jadotville Mutiny
2096,1944,1944 Kivu Uprising
2097,1944,Ili Rebellion
2098,1944,Goryani Insurgency
2099,1944,Guerrilla war in the Baltic states
2100,1945,Crusader insurgency
2101,1945,1945 Khuzestan revolt
2102,1945,Chinese Civil War (Second Phase)
2103,1945,Indonesian National Revolution
2104,1945,War in Vietnam (1945–46)
2105,1945,Iran crisis of 1946
2106,1945,1945 Hazara Rebellion
2107,1946,Greek Civil War
2108,1946,Hukbalahap rebellion (post-WWII)
2109,1946,Autumn Uprising of 1946
2110,1946,Corfu Channel incident
2111,1946,Punnapra-Vayalar uprising
2112,1946,First Indochina War
2113,1947,Paraguayan Civil War (1947)
2114,1947,1947 Poonch Rebellion
2115,1947,Integration of Junagadh
2116,1947,Romanian anti-communist resistance movement
2117,1947,Indo-Pakistani War of 1947
2118,1947,Malagasy Uprising
2119,1947,"1947–48 Civil War in Mandatory Palestine _x000D_
Part of the 1948 Palestine war"
2120,1947,Safi Rebellion
2121,1948,Costa Rican Civil War
2122,1948,Internal conflict in Burma
2123,1948,Al-Wathbah uprising
2124,1948,Jeju uprising
2125,1948,La Violencia
2126,1948,"1948 Arab–Israeli War _x000D_
Part of the Arab–Israeli conflict"
2127,1948,Malayan Emergency
2128,1948,Operation Polo
2129,1948,"Madiun Affair _x000D_
Part of the Indonesian National Revolution"
2130,1948,Yeosu–Suncheon rebellion
2131,1948,Pre-Korean War insurgency
2132,1949,1949 Hazara Rebellion
2133,1949,"Palestinian Fedayeen insurgency _x000D_
Part of the Israeli–Palestinian conflict"
2134,1949,Palace Rebellion
2135,1949,Campaign to Suppress Bandits in Central and Southern China
2136,1949,"Darul Islam Insurgency _x000D_
Part of the Indonesian National Revolution"
2137,1949,Afghanistan–Pakistan skirmishes
2138,1950,Invasion of Hamasa and Buraimi
2139,1950,Kuomintang Islamic insurgency
2140,1950,"APRA coup d'état _x000D_
Part of the Indonesian National Revolution"
2141,1950,"Makassar Uprising _x000D_
Part of the Indonesian National Revolution"
2142,1950,La Revolución del 50[es]
2143,1950,Battle of Chamdo
2144,1950,Utuado Uprising
2145,1950,San Juan Nationalist revolt
2146,1950,Jayuya Uprising
2147,1950,"Korean War _x000D_
Part of the Korean conflict"
2148,1951,Manhattan Rebellion
2149,1951,Reprisal operations
2150,1952,1952 Hazara Rebellion
2151,1952,Egyptian revolution of 1952
2152,1952,Invasion of Hamasa
2153,1952,Mau Mau Uprising
2154,1953,Air battle over Merklín
2155,1953,Uprising in Plzeň (1953)
2156,1953,1953 East German Uprising
2157,1953,1953 Iranian coup d'état
2158,1953,Cuban Revolution
2159,1954,Xinjiang conflict
2160,1954,1954 Paraguayan coup d'état
2161,1954,Kengir uprising
2162,1954,First Taiwan Strait Crisis
2163,1954,Annexation of Dadra and Nagar Haveli
2164,1954,Second Taiwan Strait Crisis
2165,1954,Jebel Akhdar War
2166,1954,Algerian War
2167,1955,Preventive Strike of Marechal Lott[pt]
2168,1955,Afghan tribal revolt of 1955
2169,1955,Calderonista Invasion of Costa Rica
2170,1955,Cyprus Emergency
2171,1955,Cameroonian Independence War
2172,1955,Upper Yafa uprisings
2173,1955,First Sudanese Civil War
2174,1955,Vietnam War
2175,1956,Poznań Uprising
2176,1956,Hungarian Revolution of 1956
2177,1956,Suez Crisis
2178,1956,Quỳnh Lưu Uprising
2179,1957,Ifni War
2180,1957,PRRI and Permesta rebellion
2181,1958,1958 Lebanon crisis
2182,1958,14 July Revolution
2183,1958,"North Vietnamese invasion of Laos_x000D_
Part of the Vietnam War and the Laotian Civil War"
2184,1958,Mexico–Guatemala conflict
2185,1959,1959 Mosul uprising
2186,1959,Spirit Soldier rebellion (1959)
2187,1959,1959 Tibetan uprising
2188,1959,Laotian Civil War
2189,1959,Escambray Rebellion
2190,1959,Pashtun Revolt in Kandahar
2191,1959,"Upper Yafa disturbances_x000D_
(Further info: House of commons debate)"
2192,1959,Cuban invasion of Panama
2193,1959,1959 Viqueque rebellion
2194,1959,Cuban invasion of the Dominican Republic
2195,1959,Basque conflict
2196,1960,1960 Ethiopian coup attempt
2197,1960,Bajaur Campaign
2198,1960,1960–61 campaign at the China–Burma border
2199,1960,Congo Crisis
2200,1960,Katanga insurgency
2201,1960,Guatemalan Civil War
2202,1960,South Thailand insurgency
2203,1961,Nicaraguan Revolution
2204,1961,First Iraqi–Kurdish War
2205,1961,Bay of Pigs Invasion
2206,1961,Bizerte crisis
2207,1961,"French military rebellion in Algeria_x000D_
Part of the Algerian War"
2208,1961,Operation Trikora
2209,1961,Eritrean War of Independence
2210,1961,Indian annexation of Goa
2211,1961,"Angolan War of Independence_x000D_
Part of the Portuguese Colonial War"
2212,1961,1961 revolt in Somalia
2213,1961,Rebellion of the Pilots
2214,1962,Tuareg rebellion (1962–64)
2215,1962,North Yemen Civil War
2216,1962,El Carupanazo
2217,1962,El Porteñazo
2218,1962,Sino-Indian War
2219,1962,Brunei revolt
2220,1962,Communist insurgency in Sarawak
2221,1962,Dhofar Rebellion
2222,1963,1963 Argentine Navy revolt
2223,1963,1963 Cuban invasion of Venezuela
2224,1963,Sand War
2225,1963,Ramadan Revolution
2226,1963,Ar-Rashid revolt
2227,1963,November 1963 Iraqi coup d'état
2228,1963,1963 Syrian coup d'état
2229,1963,Indonesia–Malaysia confrontation
2230,1963,Shifta War
2231,1963,Bale revolt
2232,1963,"Guinea-Bissau War of Independence_x000D_
Part of the Portuguese Colonial War"
2233,1963,Aden Emergency
2234,1964,1964 Brazilian coup d'état
2235,1964,1964 Ethiopian–Somali Border War
2236,1964,"Simba rebellion _x000D_
Part of the Congo Crisis"
2237,1964,Rhodesian Bush War
2238,1964,FULRO insurgency against Vietnam
2239,1964,Colombian conflict (1964–present)
2240,1964,"Mozambican War of Independence_x000D_
Part of the Portuguese Colonial War"
2241,1964,Insurgency in Northeast India
2242,1964,Zanzibar Revolution
2243,1965,30 September Movement
2244,1965,Dominican Civil War
2245,1965,American occupation of the Dominican Republic (1965–66)
2246,1965,Indo-Pakistani War of 1965
2247,1965,Communist insurgency in Thailand
2248,1965,Chadian Civil War (1965–79)
2249,1966,Guerrilha do Caparaó[pt]
2250,1966,Crisis in French Somaliland
2251,1966,"Stanleyville mutinies _x000D_
Part of the Congo Crisis"
2252,1966,Ñancahuazú Guerrilla War
2253,1966,"Korean DMZ Conflict _x000D_
Part of the Korean conflict"
2254,1966,South African Border War
2255,1967,Invasion of Machurucuto
2256,1967,1967 China-India border conflicts
2257,1967,Six-Day War
2258,1967,1967 Kurdish revolt in Iran
2259,1967,Araguaia Guerrilla War
2260,1967,Cambodian Civil War
2261,1967,Nigerian Civil War
2262,1967,War of Attrition
2263,1967,Naxalite–Maoist insurgency
2264,1968,Communist insurgency in Malaysia (1968–89)
2265,1968,The Troubles
2266,1968,Years of Lead (Italy)
2267,1968,Warsaw Pact invasion of Czechoslovakia
2268,1969,1969 Somali coup d'état
2269,1969,Civil conflict in the Philippines
2270,1969,1969 Libyan coup d'etat
2271,1969,Communist rebellion in the Philippines
2272,1969,Moro insurgency in the Philippines
2273,1969,Football War
2274,1969,Al-Wadiah War
2275,1969,Rupununi Uprising
2276,1969,Sino-Soviet border conflict
2277,1969,Papua conflict
2278,1970,Black September in Jordan
2279,1970,Reggio revolt
2280,1970,Corrective Movement (Syria)
2281,1970,Dirty War (Mexico)
2282,1971,1971 Ugandan coup d'état
2283,1971,Bangladesh Liberation War
2284,1971,1971 Janatha Vimukthi Peramuna Insurrection
2285,1971,Abu Musa and the Greater and Lesser Tunbs conflict
2286,1972,1972 invasion of Uganda
2287,1972,First Eritrean Civil War
2288,1972,1972–1975 Bangladesh insurgency
2289,1973,1973 Samita border skirmish
2290,1973,Yom Kippur War
2291,1973,1973 Chilean coup d'etat
2292,1973,Armed resistance in Chile (1973–90)
2293,1973,Oromo Conflict
2294,1974,Turkish invasion of Cyprus
2295,1974,Arube uprising
2296,1974,Battle of the Paracel Islands
2297,1974,Ethiopian Civil War
2298,1974,Second Iraqi–Kurdish War
2299,1974,1974–75 Shatt al-Arab clashes
2300,1975,Coup of 25 November 1975
2301,1975,Islamist uprising in the Panjshir Valley
2302,1975,1975 China-India border skirmish
2303,1975,Angolan Civil War
2304,1975,Cabinda War
2305,1975,"Western Sahara War _x000D_
Part of the Western Sahara conflict"
2306,1975,PUK insurgency
2307,1975,Lebanese Civil War
2308,1975,Cambodian–Vietnamese War
2309,1975,Insurgency in Laos
2310,1975,Indonesian invasion of East Timor
2311,1976,Rebellion of the Lost[pt]
2312,1976,Dirty War
2313,1976,Insurgency in Aceh
2314,1976,Political violence in Turkey (1976–80)
2315,1977,Safar uprising
2316,1977,Mozambican Civil War
2317,1977,Libyan–Egyptian War
2318,1977,Ethio-Somali War
2319,1977,Chittagong Hill Tracts conflict
2320,1977,Shaba I
2321,1978,Shaba II
2322,1978,1978 South Lebanon conflict
2323,1978,Saur revolution
2324,1978,Uganda–Tanzania War
2325,1978,Chadian–Libyan conflict
2326,1978,Kurdish–Turkish conflict
2327,1978,NDF Rebellion
2328,1979,Grand Mosque seizure
2329,1979,1979 Herat uprising
2330,1979,Yemenite War of 1979
2331,1979,Iranian Revolution
2332,1979,1979 Khuzestan uprising
2333,1979,Sino-Vietnamese War
2334,1979,Sino-Vietnamese conflicts 1979–90
2335,1979,Islamist uprising in Syria
2336,1979,1979 Kurdish rebellion in Iran
2337,1979,Al-Ansar insurgency
2338,1979,1979–1980 Shia uprising in Iraq
2339,1979,Soviet–Afghan War
2340,1979,Salvadoran Civil War
2341,1980,1980 Gafsa Uprising
2342,1980,Second Eritrean Civil War
2343,1980,Internal conflict in Peru
2344,1980,Gwangju Uprising
2345,1980,Nojeh coup plot
2346,1980,Coconut War
2347,1980,Maoist insurgency in Turkey
2348,1980,Iran–Iraq War
2349,1981,Paquisha War
2350,1981,Ugandan Bush War
2351,1981,1981 Entumbane uprising
2352,1981,1981 Gambian coup d'état attempt
2353,1982,Casamance conflict
2354,1982,1982 Amol uprising
2355,1982,Falklands War
2356,1982,Ndogboyosoi War
2357,1982,1982 Lebanon War
2358,1982,1982 Ethiopian–Somali Border War
2359,1983,Chadian–Nigerian War
2360,1983,Second Sudanese Civil War
2361,1983,Sri Lankan Civil War
2362,1983,"Kurdish rebellion of 1983_x000D_
Part of the Iran–Iraq War"
2363,1983,Invasion of Grenada
2364,1984,Siachen conflict
2365,1985,Agacher Strip War
2366,1986,South Yemen Civil War
2367,1986,1986 United States bombing of Libya
2368,1986,Surinamese Interior War
2369,1986,Ciskei-Transkei conflict
2370,1987,Singing Revolution
2371,1987,First Intifada
2372,1987,1987–89 JVP insurrection
2373,1987,1987 Sino-Indian skirmish
2374,1987,Lord's Resistance Army insurgency
2375,1988,1988 Maldives coup d'état
2376,1988,First Nagorno-Karabakh War
2377,1988,Bougainville Civil War
2378,1989,1989 Paraguayan coup d'état
2379,1989,1989 Philippine coup attempt
2380,1989,"Civil war in Afghanistan (1989–92)_x000D_
part of the war in afghanistan(1978–present)"
2381,1989,Mauritania–Senegal Border War
2382,1989,KDPI insurgency (1989–96)
2383,1989,"Insurgency in Jammu and Kashmir_x000D_
Part of the Kashmir conflict"
2384,1989,Romanian Revolution
2385,1989,United States invasion of Panama
2386,1989,First Liberian Civil War
2387,1990,Gulf War
2388,1990,1990–1998 Indonesian military operations in Aceh
2389,1990,DHKP/C insurgency in Turkey
2390,1990,Rwandan Civil War
2391,1990,Tuareg rebellion (1990–1995)
2392,1990,1990 Mindanao crisis
2393,1991,Operation Traira
2394,1991,Ten-Day War
2395,1991,1991–1992 South Ossetia War
2396,1991,Djiboutian Civil War
2397,1991,Croatian War of Independence
2398,1991,Sierra Leone Civil War
2399,1991,Algerian Civil War
2400,1991,Somali Civil War
2401,1991,Georgian Civil War
2402,1991,1991 Iraqi uprisings
2403,1992,Bosnian War
2404,1992,1992 Venezuelan coup d'état attempts
2405,1992,East Prigorodny Conflict
2406,1992,Civil war in Afghanistan (1992–1996)
2407,1992,War of Transnistria
2408,1992,War in Abkhazia (1992–1993)
2409,1992,Civil war in Tajikistan
2410,1993,Chechen Civil War[ru]
2411,1993,Burundian Civil War
2412,1993,Republic of the Congo Civil War (1993–1994)
2413,1993,Ethnic conflict in Nagaland
2414,1993,1993 Russian constitutional crisis
2415,1994,Iraqi Kurdish Civil War
2416,1994,"Armenian-Azerbaijani border conflict_x000D_
Part of the Nagorno-Karabakh conflict"
2417,1994,Chiapas conflict
2418,1994,"1994 Zapatista Uprising_x000D_
Part of the Chiapas conflict"
2419,1994,1994 Bophuthatswana crisis
2420,1994,Yemeni Civil War (1994)
2421,1994,First Chechen War
2422,1994,Caprivi conflict
2423,1995,Cenepa War
2424,1994,Insurgency in Ogaden
2425,1995,Second Afar Insurgency
2426,1995,1995 Sudanese-Ugandan border conflict
2427,1995,Hanish Islands conflict
2428,1996,ADF insurgency
2429,1996,Nepalese Civil War
2430,1996,Civil war in Afghanistan (1996–2001)
2431,1996,First Congo War
2432,1997,Albanian Rebellion of 1997
2433,1997,1997 Sudanese-Eritrean border conflict
2434,1997,Republic of the Congo Civil War (1997–1999)
2435,1997,1997 clashes in Cambodia
2436,1998,1998 Monrovia clashes
2437,1998,War in Abkhazia (1998)
2438,1998,Kosovo War
2439,1998,Eritrean–Ethiopian War
2440,1998,Second Congo War
2441,1998,Guinea-Bissau Civil War
2442,1998,1998 Saudi-Yemeni border conflict
2443,1998,Al-Qaeda insurgency in Yemen
2444,1999,Batken Conflict
2445,1999,Kargil War Part of the Indo-Pakistani Wars
2446,1999,1999 East Timorese crisis
2447,1999,Insurgency in the Preševo Valley
2448,1999,Maluku sectarian conflict
2449,1999,Second Liberian Civil War
2450,1999,Ituri conflict
2451,1999,War of Dagestan
2452,1999,Second Chechen War
2453,2000,"Six-Day War (2000)_x000D_
Part of the Second Congo War"
2454,2000,Second Intifada
2455,2000,2000–2006 Shebaa Farms conflict
2456,2001,2001 Bangladesh-India border clashes
2457,2001,Kurdistan Islamist conflict
2458,2001,Insurgency in the Republic of Macedonia
2459,2001,War on Terror
2460,2002,2002–2003 conflict in the Pool Department
2461,2002,Operation Enduring Freedom – Philippines
2462,2002,Operation Enduring Freedom – Horn of Africa
2463,2002,First Ivorian Civil War
2464,2002,"Taliban insurgency_x000D_
Part of the War in Afghanistan (2001–2021), War in Afghanistan (1978-present) and War on Terrorism"
2465,2003,War in Darfur
2466,2003,Iraq War
2467,2003,Sinaloa Cartel-Gulf Cartel conflict
2468,2004,War in North-West Pakistan
2469,2004,Central African Republic Bush War
2470,2004,Iran–PJAK conflict Kurdish separatism in Iran
2471,2004,Conflict in the Niger Delta
2472,2004,Houthi insurgency in Yemen
2473,2004,Kivu conflict
2474,2004,Sistan and Baluchestan insurgency Part of the Balochistan conflict
2475,2005,Paraguayan People's Army insurgency
2476,2005,Chadian Civil War (2005–10)
2477,2005,2005 Bangladesh India border clash
2478,2005,Mount Elgon insurgency
2479,2006,Fatah–Hamas conflict
2480,2006,Bakassi conflict
2481,2006,2006 Lebanon War
2482,2006,Operation Astute
2483,2006,Eelam War IV
2484,2006,Iraqi Civil War Part of the Iraq War
2485,2006,Mexican Drug War
2486,2006,War in Somalia (2006–09) Part of the Somali Civil War
2487,2007,Operation Enduring Freedom – Trans Sahara
2488,2007,Hamas' takeover of Gaza
2489,2007,2007 Lebanon conflict
2490,2007,Tuareg rebellion (2007–09) part of the Tuareg rebellion
2491,2007,War in Ingushetia
2492,2008,Naaf War
2493,2008,2008 invasion of Anjouan
2494,2008,2008 conflict in Lebanon
2495,2008,2008 Bangladesh India border clash
2496,2008,2008 Kufra conflict
2497,2008,Cambodian–Thai border dispute
2498,2008,Djiboutian–Eritrean border conflict
2499,2008,Russo-Georgian War
2500,2008,Gaza War
2501,2009,Sudanese nomadic conflicts
2502,2009,Insurgency in the North Caucasus
2503,2009,Boko Haram insurgency
2504,2009,2009 Peruvian political crisis
2505,2009,2009 Boko Haram uprising Part of the Boko Haram insurgency
2506,2009,South Yemen insurgency
2507,2009,Somali Civil War (2009–present) Part of the Somali Civil War
2508,2009,Operation Scorched Earth Part of the Houthi insurgency in Yemen
2509,2009,Dongo conflict
2510,2010,2010 South Kyrgyzstan ethnic clashes
2511,2010,2010 Kingston unrest
2512,2010,Tajikistan insurgency
2513,2010,2010–2011 Ivorian crisis Second Ivorian Civil War
2514,2011,Libyan Civil War (2011)
2515,2011,Sinai insurgency
2516,2011,Syrian Civil War
2517,2011,Sudanese conflict in South Kordofan and Blue Nile
2518,2011,Shia insurgency in Bahrain
2519,2011,Syrian Civil War spillover in Lebanon Part of the Syrian Civil War
2520,2011,Ethnic violence in South Sudan (2011–present) Part of the Sudanese nomadic conflicts
2521,2011,Operation Linda Nchi Part of the Somali Civil War (2009–present)
2522,2011,Factional violence in Libya (2011–14)
2523,2011,Iraqi insurgency (2011–2013) Part of the Iraq War
2524,2012,Northern Mali conflict
2525,2012,Heglig Crisis
2526,2012,2012 Abyan offensive Part of the Al-Qaeda insurgency in Yemen
2527,2012,M23 rebellion
2528,2012,Baragoi clashes
2529,2012,Central African Republic conflict (2012–present)
2530,2013,South Sudanese Civil War Part of the ethnic violence in South Sudan (2011–present)
2531,2013,Lahad Datu standoff
2532,2013,Batwa–Luba clashes
2533,2013,Zamboanga City crisis
2534,2013,RENAMO insurgency (2013–2019)
2535,2014,Houthi takeover in Yemen Part of the Houthi insurgency in Yemen and the Yemeni Crisis
2536,2014,2014 Israel–Gaza conflict Part of the Gaza–Israel conflict
2537,2014,2014 Aswan tribal clashes
2538,2014,Iraqi Civil War (2014–2017)
2539,2014,Second Libyan Civil War
2540,2014,Russo-Ukrainian War
2541,2014,International military intervention against ISIL
2542,2014,Yemeni Civil War (2014–present)
2543,2015,ISIL insurgency in Tunisia Part of the Insurgency in the Maghreb (2002–present)
2544,2015,Kurdish–Turkish conflict (2015–present) Part of the Kurdish–Turkish conflict (1978–present)
2545,2016,2016 Niger Delta conflict Part of the Conflict in the Niger Delta
2546,2016,2016 Armenian–Azerbaijani clashes Part of the Nagorno-Karabakh conflict
2547,2016,Pool War
2548,2016,Northern Rakhine State clashes Part of the Rohingya conflict and the Internal conflict in Myanmar
2549,2016,Kasese clashes
2550,2016,Kamwina Nsapu rebellion
2551,2016,Insurgency in Northern Chad
2552,2017,2017 Afghanistan–Pakistan border skirmish Part of the Afghanistan–Pakistan skirmishes
2553,2017,2017–2020 Qatif unrest Part of the Qatif conflict
2554,2017,Marawi crisis Part of the Moro conflict and the Military intervention against ISIL
2555,2017,2017 Iraqi–Kurdish conflict Part of the Iraqi Civil War
2556,2017,Anglophone Crisis
2557,2017,Insurgency in Cabo Delgado
2558,2017,Islamic State insurgency in Iraq (2017–present) Part of the Iraqi conflict (2003–present)
2559,2018,Catatumbo campaign Part of the Part of the Colombian conflict
2560,2018,November 2018 Gaza–Israel clashes Part of the Gaza-Israel conflict
2561,2018,2018 Armenian–Azerbaijani clashes Part of the Nagorno-Karabakh conflict
2562,2019,2019 India–Pakistan border skirmishes Part of the Indo−Pakistani conflicts and the Kashmir conflict
2563,2019,May 2019 Gaza–Israel clashes Part of the Gaza–Israel conflict
2564,2019,"2019–2021 Persian Gulf crisis Part of the Iran–Saudi Arabia proxy conflict, the Iran–Israel proxy conflict, and the Persian Gulf conflicts"
2565,2019,Benishangul-Gumuz conflict Part of the Ethiopian civil conflict (2018–present)
2566,2019,November 2019 Gaza-Israel clashes Part of the Gaza–Israel conflict
2567,2020,2020–2022 China–India skirmishes
2568,2020,Western Togoland Rebellion
2569,2020,Second Nagorno-Karabakh war Part of the Nagorno-Karabakh conflict
2570,2020,Tigray War Part of the Ethiopian civil conflict (2018–present)
2571,2020,2020–2022 Western Saharan clashes Part of the Western Sahara conflict
2572,2020,Afar–Somali clashes Part of the Ethiopian civil conflict (2018–present)
2573,2020,2020–2022 Ethiopian–Sudanese clashes
2574,2021,Insurgency in Southeastern Nigeria Part of the herder–farmer conflicts in Nigeria and the conflict in the Niger Delta
2575,2021,2021-2022 Myanmar insurgency Part of the Internal conflict in Myanmar
2576,2021,Kyrgyzstan–Tajikistan clashes
2577,2021,2021 Israel–Palestine crisis Part of the Israeli–Palestinian conflict
2578,2021,2021–2022 Armenia–Azerbaijan border crisis Part of the Nagorno-Karabakh conflict
2579,2021,Republican insurgency in Afghanistan Part of the Afghanistan conflict (1978–present)
2580,2021,2021 Afghanistan–Iran clashes
2581,2022,Russian invasion of Ukraine Part of the Russo-Ukrainian War
